Model_Infolen,Additional_Descriptionlen,char_count,word_count,word_density,noun_count,verb_count,adj_count,adv_count
30,52,83,12,6.384615384615385,5,0,3,1
53,26,80,11,6.666666666666667,5,0,2,0
40,1252,1293,109,11.754545454545454,43,10,17,1
31,172,204,29,6.8,9,2,3,2
50,88,139,23,5.791666666666667,10,3,2,0
39,279,319,45,6.934782608695652,11,6,8,2
64,89,154,23,6.416666666666667,8,4,5,0
43,92,136,20,6.476190476190476,7,1,5,0
26,281,308,38,7.897435897435898,12,2,9,2
15,101,117,14,7.8,2,0,4,1
25,390,416,50,8.156862745098039,18,4,5,1
59,1390,1450,182,7.923497267759563,82,16,25,3
34,112,147,20,7.0,8,2,3,0
29,327,357,41,8.5,16,2,6,2
41,341,383,51,7.365384615384615,21,7,8,1
26,55,82,15,5.125,6,0,3,1
46,112,159,24,6.36,11,4,6,1
44,117,162,23,6.75,8,2,3,3
35,109,145,19,7.25,7,2,6,1
38,351,390,47,8.125,12,4,6,1
39,12,52,8,5.777777777777778,4,1,1,1
31,24,56,10,5.090909090909091,4,0,2,0
15,12,28,4,5.6,2,0,0,0
32,167,200,29,6.666666666666667,16,2,2,0
24,71,96,17,5.333333333333333,5,2,1,1
21,94,116,21,5.2727272727272725,10,1,3,2
46,257,304,48,6.204081632653061,22,6,11,2
31,241,273,32,8.272727272727273,8,2,4,0
35,28,64,11,5.333333333333333,4,1,1,2
24,88,113,18,5.947368421052632,6,3,3,1
28,88,117,16,6.882352941176471,3,1,1,1
31,81,113,17,6.277777777777778,5,0,4,1
79,119,199,30,6.419354838709677,10,0,6,6
27,20,48,9,4.8,5,0,0,0
63,124,188,26,6.962962962962963,11,2,10,0
23,15,39,7,4.875,3,0,1,0
37,98,136,23,5.666666666666667,10,0,5,0
20,24,45,9,4.5,5,0,0,0
38,187,226,31,7.0625,8,4,7,1
38,123,162,26,6.0,11,4,5,1
33,187,221,32,6.696969696969697,8,1,7,1
49,118,168,23,7.0,10,1,3,2
59,75,135,21,6.136363636363637,6,2,6,1
14,76,91,14,6.066666666666666,6,2,1,1
12,134,147,21,6.681818181818182,9,1,2,1
69,11,81,17,4.5,15,0,1,0
11,129,141,23,5.875,10,2,2,0
26,371,398,55,7.107142857142857,25,5,8,2
14,16,31,5,5.166666666666667,2,0,1,1
20,138,159,25,6.115384615384615,13,2,3,2
13,9,23,5,3.8333333333333335,2,0,1,1
13,26,40,7,5.0,2,0,1,1
47,24,72,12,5.538461538461538,3,0,2,1
18,111,130,17,7.222222222222222,9,0,4,0
30,54,85,14,5.666666666666667,8,1,3,1
24,12,37,6,5.285714285714286,4,0,1,0
9,92,102,15,6.375,5,3,2,0
30,66,97,15,6.0625,6,2,3,1
19,46,66,12,5.076923076923077,5,1,1,0
49,288,338,48,6.8979591836734695,26,0,5,2
28,59,88,16,5.176470588235294,5,2,2,1
31,78,110,14,7.333333333333333,5,3,1,1
17,126,144,21,6.545454545454546,9,3,2,1
27,15,43,8,4.777777777777778,3,0,2,0
28,150,179,22,7.782608695652174,7,0,3,1
23,27,51,10,4.636363636363637,5,2,1,0
52,96,149,23,6.208333333333333,9,2,4,2
14,55,70,13,5.0,7,0,1,0
38,173,212,34,6.057142857142857,10,1,6,1
19,46,66,11,5.5,7,0,1,0
24,16,41,8,4.555555555555555,2,1,3,1
20,56,77,14,5.133333333333334,5,1,3,1
19,102,122,19,6.1,9,2,2,0
15,44,60,10,5.454545454545454,4,0,1,1
53,56,110,16,6.470588235294118,6,1,4,2
14,128,143,24,5.72,13,0,1,1
20,16,37,7,4.625,2,1,1,0
62,244,307,51,5.903846153846154,18,7,3,1
45,100,146,23,6.083333333333333,9,2,5,0
19,55,75,10,6.818181818181818,2,1,4,0
24,49,74,10,6.7272727272727275,5,1,1,0
25,360,386,49,7.72,24,1,8,2
23,45,69,11,5.75,4,1,2,0
14,47,62,10,5.636363636363637,3,1,0,1
14,87,102,15,6.375,5,1,6,0
63,20,84,9,8.4,4,0,1,1
27,12,40,6,5.714285714285714,3,1,0,0
51,11,63,12,4.846153846153846,5,0,3,0
14,110,125,16,7.352941176470588,4,2,0,2
51,39,91,16,5.352941176470588,6,2,4,1
15,189,205,30,6.612903225806452,7,1,2,0
43,126,170,29,5.666666666666667,12,1,2,1
12,63,76,10,6.909090909090909,3,1,1,0
41,64,106,18,5.578947368421052,9,0,3,0
11,150,162,22,7.043478260869565,9,2,7,0
35,168,204,30,6.580645161290323,11,3,6,3
49,55,105,16,6.176470588235294,6,0,4,2
47,160,208,32,6.303030303030303,12,4,4,6
25,28,54,12,4.153846153846154,4,0,0,1
34,339,374,49,7.48,17,6,9,2
24,41,66,8,7.333333333333333,5,0,0,0
26,327,354,41,8.428571428571429,13,2,7,3
63,49,113,18,5.947368421052632,9,0,2,0
24,98,123,19,6.15,10,1,5,0
20,108,129,19,6.45,7,2,5,0
53,58,112,15,7.0,6,3,2,2
53,59,113,19,5.65,9,0,4,3
57,262,320,44,7.111111111111111,17,2,10,1
18,279,298,34,8.514285714285714,10,0,5,0
41,287,329,50,6.450980392156863,5,0,2,3
13,16,30,6,4.285714285714286,3,1,0,1
39,58,98,18,5.157894736842105,8,0,4,0
47,347,395,47,8.229166666666666,12,4,7,1
28,115,144,27,5.142857142857143,10,2,4,1
27,41,69,11,5.75,6,1,2,0
55,57,113,16,6.647058823529412,8,3,2,0
26,69,96,13,6.857142857142857,2,1,3,1
34,61,96,14,6.4,5,0,2,2
22,91,114,18,6.0,7,2,4,1
46,199,246,40,6.0,22,5,5,0
51,43,95,14,6.333333333333333,5,2,4,1
26,82,109,20,5.190476190476191,6,1,3,2
43,30,74,14,4.933333333333334,4,1,3,0
13,12,26,4,5.2,1,0,1,0
28,579,608,76,7.896103896103896,21,2,10,3
23,48,72,13,5.142857142857143,6,0,1,0
16,20,37,8,4.111111111111111,3,1,1,1
26,95,122,20,5.809523809523809,6,1,6,3
42,333,376,49,7.52,22,5,8,1
42,69,112,14,7.466666666666667,6,2,5,0
38,385,424,58,7.186440677966102,24,9,9,6
26,85,112,17,6.222222222222222,8,0,3,0
23,838,862,105,8.132075471698114,24,4,6,0
14,113,128,20,6.095238095238095,11,0,3,1
23,58,82,12,6.3076923076923075,5,0,4,2
25,34,60,8,6.666666666666667,2,1,1,0
31,61,93,16,5.470588235294118,5,1,3,1
56,241,298,35,8.277777777777779,8,2,5,0
47,156,204,32,6.181818181818182,13,6,5,2
28,339,368,48,7.510204081632653,18,6,7,2
33,192,226,31,7.0625,19,3,4,0
41,197,239,35,6.638888888888889,11,8,8,6
67,12,80,13,5.714285714285714,7,0,5,0
24,120,145,20,6.904761904761905,4,2,4,1
28,274,303,34,8.657142857142857,4,2,3,2
60,139,200,29,6.666666666666667,12,3,4,1
54,54,109,24,4.36,13,4,3,0
42,97,140,24,5.6,9,2,4,1
26,79,106,18,5.578947368421052,7,1,6,0
28,154,183,29,6.1,11,1,7,2
28,49,78,11,6.5,4,3,3,0
38,40,79,11,6.583333333333333,7,0,2,0
13,68,82,14,5.466666666666667,6,1,2,2
19,104,124,19,6.2,9,2,3,1
27,577,605,84,7.117647058823529,29,4,10,3
24,215,240,37,6.315789473684211,19,8,6,0
53,189,243,34,6.942857142857143,15,3,9,0
23,55,79,12,6.076923076923077,5,1,2,1
25,61,87,14,5.8,6,1,3,0
34,218,253,43,5.75,20,2,8,3
43,110,154,21,7.0,8,1,5,1
15,244,260,45,5.6521739130434785,20,7,7,3
47,712,760,104,7.238095238095238,35,4,14,5
20,12,33,6,4.714285714285714,2,0,2,1
33,39,73,11,6.083333333333333,4,1,1,1
50,24,75,10,6.818181818181818,5,0,2,1
22,155,178,21,8.090909090909092,6,0,2,1
51,215,267,39,6.675,20,4,11,1
50,459,510,60,8.360655737704919,20,5,3,3
21,99,121,18,6.368421052631579,7,0,5,1
37,189,227,36,6.135135135135135,19,0,6,3
41,75,117,20,5.571428571428571,8,0,5,1
38,309,348,45,7.565217391304348,16,2,6,1
20,29,50,10,4.545454545454546,2,0,1,1
57,50,108,17,6.0,8,2,4,1
21,91,113,17,6.277777777777778,5,3,2,2
21,76,98,16,5.764705882352941,7,1,2,1
40,27,68,10,6.181818181818182,4,2,1,0
67,12,80,11,6.666666666666667,6,0,2,1
38,723,762,91,8.282608695652174,21,8,8,2
34,157,192,26,7.111111111111111,5,1,5,1
31,37,69,8,7.666666666666667,2,0,3,1
31,688,720,95,7.5,27,4,5,2
21,21,43,7,5.375,2,0,2,1
28,16,45,5,7.5,3,0,1,0
34,395,430,56,7.543859649122807,22,6,9,2
44,345,390,47,8.125,11,3,8,1
39,530,570,68,8.26086956521739,19,2,8,1
39,117,157,24,6.28,10,0,5,3
26,228,255,43,5.795454545454546,21,2,13,1
56,149,206,26,7.62962962962963,15,4,5,0
16,41,58,9,5.8,4,0,1,2
33,48,82,14,5.466666666666667,6,2,3,1
34,282,317,44,7.044444444444444,20,2,5,1
15,148,164,23,6.833333333333333,10,0,4,0
14,125,140,21,6.363636363636363,9,1,4,0
17,156,174,26,6.444444444444445,10,6,4,2
18,16,35,5,5.833333333333333,1,0,0,1
46,151,198,35,5.5,17,1,8,2
15,51,67,11,5.583333333333333,5,2,1,2
39,12,52,9,5.2,3,2,1,0
32,343,376,48,7.673469387755102,19,6,6,2
12,27,40,6,5.714285714285714,1,0,0,1
23,117,141,23,5.875,8,1,7,4
48,114,163,26,6.037037037037037,8,1,6,2
37,347,385,45,8.369565217391305,12,4,7,0
40,427,468,54,8.50909090909091,9,3,4,1
15,15,31,5,5.166666666666667,1,0,2,1
27,564,592,92,6.365591397849462,26,10,12,1
53,28,82,10,7.454545454545454,5,1,4,0
14,12,27,5,4.5,2,0,0,0
45,351,397,48,8.10204081632653,13,4,7,1
20,156,177,27,6.321428571428571,10,6,4,2
15,94,110,17,6.111111111111111,9,2,6,0
19,37,57,8,6.333333333333333,5,1,1,0
17,106,124,19,6.2,6,1,7,0
38,47,86,15,5.375,9,1,1,0
20,96,117,16,6.882352941176471,5,0,6,1
13,38,52,9,5.2,2,1,0,1
38,12,51,6,7.285714285714286,4,0,2,0
72,58,131,20,6.238095238095238,8,1,5,1
28,98,127,22,5.521739130434782,11,2,4,1
45,36,82,12,6.3076923076923075,6,0,2,0
42,111,154,26,5.703703703703703,12,1,5,2
63,20,84,14,5.6,9,1,2,1
12,19,32,4,6.4,1,0,0,1
26,66,93,16,5.470588235294118,4,1,5,1
15,47,63,10,5.7272727272727275,3,0,1,0
49,129,179,29,5.966666666666667,14,1,4,0
55,700,756,91,8.217391304347826,25,7,9,2
39,101,141,23,5.875,10,0,5,1
75,96,172,23,7.166666666666667,9,1,8,1
50,89,140,21,6.363636363636363,9,3,4,1
19,35,55,9,5.5,2,0,4,1
14,194,209,31,6.53125,14,0,5,1
38,22,61,7,7.625,3,0,1,0
48,94,143,21,6.5,5,1,4,3
24,61,86,14,5.733333333333333,5,0,5,1
48,72,121,18,6.368421052631579,8,6,3,1
17,156,174,26,6.444444444444445,10,6,4,2
25,268,294,34,8.4,8,2,2,0
15,19,35,6,5.0,1,0,2,1
24,75,100,14,6.666666666666667,7,1,3,0
16,69,86,14,5.733333333333333,7,0,2,1
18,339,358,46,7.617021276595745,19,6,6,1
44,279,324,45,7.043478260869565,14,6,9,2
52,50,103,15,6.4375,8,1,4,0
49,191,241,32,7.303030303030303,14,1,7,0
23,65,89,15,5.5625,8,1,3,1
14,402,417,61,6.725806451612903,22,5,11,3
18,85,104,15,6.5,5,0,3,1
32,64,97,16,5.705882352941177,8,3,3,0
29,29,59,11,4.916666666666667,5,0,2,0
37,73,111,17,6.166666666666667,8,3,2,1
44,866,911,115,7.853448275862069,38,5,15,1
42,12,55,8,6.111111111111111,4,0,1,0
36,39,76,13,5.428571428571429,6,1,1,1
23,83,107,15,6.6875,2,0,1,1
19,111,131,22,5.695652173913044,7,1,5,1
18,75,94,16,5.529411764705882,4,1,3,1
61,720,782,117,6.627118644067797,38,10,19,4
24,698,723,86,8.310344827586206,20,7,7,3
61,104,166,28,5.724137931034483,12,2,6,4
28,795,824,101,8.07843137254902,24,3,6,1
45,22,68,12,5.230769230769231,4,0,3,1
35,27,63,12,4.846153846153846,4,0,2,1
52,95,148,21,6.7272727272727275,12,1,3,1
38,64,103,20,4.904761904761905,9,2,4,1
22,16,39,7,4.875,4,0,0,0
15,15,31,6,4.428571428571429,4,0,0,0
68,31,100,14,6.666666666666667,6,1,5,1
39,52,92,14,6.133333333333334,6,3,0,0
20,18,39,4,7.8,2,0,1,0
20,82,103,16,6.0588235294117645,6,0,3,2
14,98,113,18,5.947368421052632,7,2,2,0
58,67,126,17,7.0,8,1,3,0
16,883,900,113,7.894736842105263,39,8,12,1
52,80,133,21,6.045454545454546,7,1,5,1
40,52,93,14,6.2,4,0,1,1
43,75,119,19,5.95,10,1,4,0
36,99,136,22,5.913043478260869,13,0,6,0
27,33,61,10,5.545454545454546,5,2,2,0
32,22,55,10,5.0,5,1,1,0
14,47,62,10,5.636363636363637,5,1,1,0
27,59,87,13,6.214285714285714,4,0,4,1
19,29,49,7,6.125,4,0,2,0
35,203,239,30,7.709677419354839,8,5,9,2
27,395,423,62,6.714285714285714,31,5,11,3
22,108,131,21,5.954545454545454,6,4,2,3
28,79,108,17,6.0,9,1,2,1
32,358,391,49,7.82,14,7,6,0
31,74,106,15,6.625,7,1,4,0
25,300,326,40,7.951219512195122,9,2,4,1
27,247,275,39,6.875,17,4,5,1
19,170,190,29,6.333333333333333,15,1,3,1
24,183,208,33,6.117647058823529,16,2,3,3
31,158,190,32,5.757575757575758,10,3,8,3
64,502,567,70,7.985915492957746,21,2,12,1
31,12,44,9,4.4,3,1,3,0
53,199,253,40,6.170731707317073,19,7,7,1
21,18,40,7,5.0,3,1,1,0
13,139,153,23,6.375,8,4,2,1
24,265,290,39,7.25,13,2,3,0
45,347,393,46,8.361702127659575,11,4,7,1
70,211,282,43,6.409090909090909,27,4,3,1
30,12,43,7,5.375,5,0,1,0
20,254,275,39,6.875,10,1,3,2
8,39,48,7,6.0,2,1,2,0
28,147,176,30,5.67741935483871,10,4,8,1
31,144,176,29,5.866666666666666,20,2,1,0
38,108,147,21,6.681818181818182,7,0,4,3
33,45,79,11,6.583333333333333,6,0,2,0
25,61,87,15,5.4375,7,0,2,1
25,77,103,20,4.904761904761905,9,1,5,0
22,19,42,7,5.25,2,0,1,2
28,72,101,16,5.9411764705882355,7,0,6,0
47,12,60,8,6.666666666666667,4,1,2,0
57,31,89,14,5.933333333333334,6,2,2,2
25,160,186,28,6.413793103448276,12,2,3,3
23,12,36,6,5.142857142857143,2,1,1,0
41,343,385,47,8.020833333333334,11,4,9,1
13,21,35,6,5.0,2,0,1,1
20,113,134,19,6.7,11,0,5,1
20,90,111,17,6.166666666666667,8,2,1,0
26,54,81,16,4.764705882352941,9,0,0,0
60,34,95,13,6.785714285714286,4,0,3,1
25,31,57,9,5.7,5,1,2,0
27,125,153,25,5.884615384615385,15,0,6,2
32,405,438,66,6.537313432835821,29,5,12,3
20,40,61,11,5.083333333333333,9,0,2,0
41,45,87,17,4.833333333333333,8,1,2,1
23,38,62,11,5.166666666666667,3,0,1,1
45,208,254,32,7.696969696969697,9,4,4,3
28,347,376,44,8.355555555555556,12,4,6,1
29,727,757,95,7.885416666666667,23,6,7,2
50,11,62,10,5.636363636363637,3,0,2,1
21,410,432,64,6.6461538461538465,18,7,15,6
23,12,36,6,5.142857142857143,3,0,0,1
43,130,174,25,6.6923076923076925,14,1,4,0
32,277,310,34,8.857142857142858,6,2,4,0
31,395,427,57,7.362068965517241,20,5,9,2
7,20,28,4,5.6,1,0,1,0
64,68,133,23,5.541666666666667,10,2,8,0
21,82,104,17,5.777777777777778,4,1,3,1
29,213,243,39,6.075,18,7,7,1
37,342,380,45,8.26086956521739,11,3,7,1
15,43,59,11,4.916666666666667,7,1,1,0
40,96,137,21,6.2272727272727275,10,2,4,0
33,27,61,10,5.545454545454546,5,0,2,1
37,64,102,18,5.368421052631579,7,1,3,0
69,279,349,51,6.711538461538462,16,11,13,4
57,51,109,17,6.055555555555555,7,0,6,0
44,132,177,29,5.9,19,2,4,0
21,318,340,42,7.906976744186046,14,6,6,2
9,20,30,4,6.0,2,0,1,0
51,66,118,19,5.9,6,2,4,0
27,24,52,7,6.5,2,0,3,1
64,22,87,11,7.25,5,1,1,2
13,80,94,15,5.875,6,1,4,1
60,55,116,17,6.444444444444445,9,0,3,1
26,89,116,23,4.833333333333333,10,3,6,0
14,152,167,26,6.185185185185185,8,4,5,1
36,12,49,8,5.444444444444445,3,1,1,1
50,108,159,23,6.625,13,0,4,1
30,60,91,13,6.5,4,2,4,0
20,155,176,27,6.285714285714286,10,1,3,1
49,93,143,22,6.217391304347826,8,3,4,1
40,12,53,8,5.888888888888889,6,0,0,0
41,56,98,14,6.533333333333333,5,1,4,2
20,192,213,30,6.870967741935484,19,2,6,0
30,75,106,21,4.818181818181818,8,0,4,1
14,30,45,8,5.0,2,0,1,1
28,260,289,39,7.225,8,6,4,2
34,54,89,15,5.5625,9,0,3,0
54,221,276,41,6.571428571428571,12,4,6,1
36,40,77,11,6.416666666666667,8,1,1,0
20,89,110,19,5.5,14,1,1,0
13,74,88,16,5.176470588235294,8,0,2,1
51,477,529,72,7.2465753424657535,29,5,11,0
33,27,61,10,5.545454545454546,5,0,2,0
22,12,35,5,5.833333333333333,3,0,1,0
15,62,78,15,4.875,5,2,0,1
9,142,152,20,7.238095238095238,9,1,5,1
31,243,275,34,7.857142857142857,9,2,4,2
44,41,86,11,7.166666666666667,3,1,3,1
38,201,240,30,7.741935483870968,7,2,4,1
48,12,61,9,6.1,5,2,1,0
29,116,146,21,6.636363636363637,5,1,6,3
41,107,149,22,6.478260869565218,10,1,4,0
37,18,56,11,4.666666666666667,5,0,2,0
13,52,66,11,5.5,6,0,1,1
22,93,116,17,6.444444444444445,4,2,4,0
48,36,85,13,6.071428571428571,4,0,4,2
15,373,389,49,7.78,15,7,3,1
40,83,124,23,5.166666666666667,11,0,8,0
17,29,47,9,4.7,5,1,1,1
36,43,80,13,5.714285714285714,8,1,2,1
16,168,185,33,5.4411764705882355,12,2,6,3
17,19,37,5,6.166666666666667,3,0,1,0
47,108,156,25,6.0,12,1,4,1
13,36,50,9,5.0,4,0,3,1
24,546,571,74,7.613333333333333,13,4,12,4
34,82,117,18,6.157894736842105,8,1,4,1
33,395,429,57,7.396551724137931,21,5,9,1
15,36,52,9,5.2,5,0,1,1
36,93,130,16,7.647058823529412,6,2,4,1
43,12,56,8,6.222222222222222,3,0,2,1
37,24,62,10,5.636363636363637,5,0,3,0
33,80,114,21,5.181818181818182,8,1,3,2
15,52,68,10,6.181818181818182,3,0,1,0
31,146,178,24,7.12,7,1,5,0
41,117,159,24,6.36,7,2,5,2
21,60,82,14,5.466666666666667,5,2,3,1
36,347,384,47,8.0,11,4,7,1
16,143,160,22,6.956521739130435,9,2,5,0
14,63,78,11,6.5,2,0,3,0
35,109,145,21,6.590909090909091,10,0,5,2
49,367,417,52,7.867924528301887,20,2,5,0
13,154,168,29,5.6,12,5,8,2
15,62,78,13,5.571428571428571,6,3,0,2
15,97,113,21,5.136363636363637,6,1,4,2
13,82,96,16,5.647058823529412,7,0,3,1
52,87,140,20,6.666666666666667,9,1,1,2
44,347,392,47,8.166666666666666,13,4,7,1
31,22,54,10,4.909090909090909,1,0,4,0
16,11,28,5,4.666666666666667,3,0,0,0
49,64,114,16,6.705882352941177,6,1,4,0
25,16,42,7,5.25,4,0,2,0
51,69,121,18,6.368421052631579,7,0,4,2
40,51,92,15,5.75,4,2,2,2
67,51,119,18,6.2631578947368425,4,2,7,2
13,42,56,8,6.222222222222222,4,0,1,1
20,595,616,99,6.16,17,0,4,2
19,31,51,10,4.636363636363637,6,0,0,0
22,522,545,78,6.89873417721519,34,6,14,3
62,574,637,100,6.306930693069307,26,12,16,3
48,56,105,17,5.833333333333333,7,2,4,0
40,338,379,44,8.422222222222222,11,3,6,1
39,241,281,34,8.028571428571428,6,3,4,1
34,94,129,20,6.142857142857143,7,4,4,1
29,136,166,24,6.64,12,0,6,1
22,49,72,10,6.545454545454546,2,3,2,2
35,340,376,50,7.372549019607843,19,7,8,1
48,17,66,8,7.333333333333333,2,0,2,1
14,12,27,3,6.75,2,0,0,0
35,161,197,35,5.472222222222222,20,4,9,0
14,44,59,10,5.363636363636363,2,0,1,1
17,156,174,26,6.444444444444445,10,6,4,2
15,141,157,28,5.413793103448276,16,2,7,0
24,41,66,10,6.0,3,1,2,1
31,18,50,9,5.0,3,0,2,2
17,343,361,42,8.395348837209303,11,4,6,0
33,35,69,13,4.928571428571429,10,0,2,1
27,23,51,8,5.666666666666667,2,0,1,2
22,23,46,6,6.571428571428571,3,0,2,0
11,35,47,6,6.714285714285714,3,0,2,0
16,79,96,12,7.384615384615385,4,1,2,2
15,192,208,31,6.5,13,2,2,1
21,98,120,22,5.217391304347826,8,0,6,0
21,60,82,14,5.466666666666667,5,1,2,0
34,49,84,14,5.6,7,1,2,1
56,79,136,23,5.666666666666667,14,0,5,1
24,136,161,23,6.708333333333333,9,4,3,2
35,31,67,11,5.583333333333333,4,2,2,1
32,149,182,28,6.275862068965517,12,2,5,2
29,12,42,5,7.0,2,0,2,1
13,376,390,50,7.647058823529412,11,4,5,1
56,21,78,12,6.0,5,1,2,1
33,140,174,27,6.214285714285714,13,4,2,3
21,363,385,50,7.549019607843137,24,2,9,2
34,12,47,6,6.714285714285714,2,0,2,1
71,157,229,35,6.361111111111111,10,3,6,1
53,81,135,21,6.136363636363637,11,2,4,1
48,94,143,20,6.809523809523809,9,0,4,2
42,69,112,16,6.588235294117647,11,0,2,1
26,32,59,10,5.363636363636363,3,0,3,2
19,145,165,21,7.5,12,1,2,1
50,183,234,32,7.090909090909091,13,2,4,2
49,342,392,47,8.166666666666666,13,3,7,0
21,129,151,24,6.04,9,2,5,3
56,15,72,14,4.8,5,2,2,0
28,75,104,15,6.5,9,1,3,0
35,15,51,8,5.666666666666667,4,0,3,0
26,219,246,31,7.6875,8,1,4,1
15,129,145,22,6.304347826086956,10,1,5,0
13,102,116,18,6.105263157894737,5,0,3,1
45,72,118,21,5.363636363636363,6,1,9,0
16,77,94,14,6.266666666666667,8,0,2,1
14,62,77,15,4.8125,5,0,3,2
49,180,230,33,6.764705882352941,13,3,7,0
31,113,145,21,6.590909090909091,8,1,5,1
18,518,537,75,7.065789473684211,36,5,13,5
63,12,76,10,6.909090909090909,5,0,4,0
22,25,48,8,5.333333333333333,5,0,0,1
37,132,170,23,7.083333333333333,7,1,4,1
35,75,111,21,5.045454545454546,8,0,6,1
37,29,67,12,5.153846153846154,3,2,2,0
19,25,45,6,6.428571428571429,0,2,1,1
17,123,141,22,6.130434782608695,7,1,4,1
46,39,86,13,6.142857142857143,5,1,3,1
13,26,40,5,6.666666666666667,1,0,1,1
19,32,52,9,5.2,3,0,2,1
43,49,93,14,6.2,5,1,5,0
36,459,496,66,7.402985074626866,18,6,8,1
18,513,532,65,8.06060606060606,20,4,7,2
23,12,36,5,6.0,3,0,1,0
63,43,107,18,5.631578947368421,10,2,3,0
61,158,220,34,6.285714285714286,12,3,7,3
53,82,136,19,6.8,9,1,5,1
32,178,211,33,6.205882352941177,17,6,2,3
18,204,223,24,8.92,6,2,4,0
40,213,254,35,7.055555555555555,12,2,7,2
49,37,87,15,5.4375,6,0,3,1
14,77,92,15,5.75,5,0,1,1
32,142,175,24,7.0,6,1,6,3
35,22,58,10,5.2727272727272725,3,0,2,1
34,125,160,26,5.925925925925926,10,5,5,2
47,55,103,17,5.722222222222222,6,2,3,2
15,48,64,11,5.333333333333333,5,2,1,0
30,343,374,49,7.48,20,5,8,1
21,161,183,25,7.038461538461538,9,2,6,1
23,22,46,9,4.6,3,1,2,0
29,79,109,15,6.8125,6,1,4,1
50,107,158,22,6.869565217391305,7,2,4,2
14,32,47,7,5.875,2,0,0,0
49,19,69,11,5.75,7,0,3,0
44,500,545,66,8.134328358208956,18,2,7,2
27,164,192,28,6.620689655172414,14,3,3,2
43,46,90,15,5.625,3,0,5,1
15,39,55,11,4.583333333333333,3,0,2,0
64,194,259,38,6.641025641025641,16,3,5,4
14,139,154,28,5.310344827586207,10,2,3,2
22,37,60,8,6.666666666666667,2,1,1,1
67,602,670,86,7.7011494252873565,25,3,14,2
18,514,533,66,7.955223880597015,18,6,9,3
8,280,289,37,7.605263157894737,4,4,3,1
24,55,80,13,5.714285714285714,6,1,3,1
70,135,206,29,6.866666666666666,12,4,5,0
25,12,38,6,5.428571428571429,3,0,1,0
36,201,238,35,6.611111111111111,12,4,7,2
38,262,301,33,8.852941176470589,6,2,3,1
15,25,41,7,5.125,4,0,0,0
36,174,211,31,6.59375,12,3,4,2
43,153,197,31,6.15625,11,2,8,3
13,107,121,14,8.066666666666666,4,2,2,1
51,56,108,15,6.75,6,1,5,1
33,19,53,9,5.3,5,0,2,0
24,124,149,22,6.478260869565218,7,3,4,1
66,36,103,14,6.866666666666666,6,2,2,1
25,94,120,16,7.0588235294117645,4,0,1,1
31,201,233,31,7.28125,12,1,4,1
25,111,137,23,5.708333333333333,10,1,3,3
23,104,128,21,5.818181818181818,11,0,3,1
13,96,110,19,5.5,10,2,0,1
63,359,423,58,7.169491525423729,23,7,8,2
37,262,300,35,8.333333333333334,4,3,3,2
50,284,335,49,6.7,23,8,8,4
15,88,104,17,5.777777777777778,10,2,3,1
50,35,86,12,6.615384615384615,6,0,3,0
38,83,122,20,5.809523809523809,9,1,0,0
40,334,375,54,6.818181818181818,19,3,8,1
34,358,393,48,8.020408163265307,18,2,9,1
34,36,71,10,6.454545454545454,6,0,1,1
44,25,70,10,6.363636363636363,4,0,2,0
14,156,171,24,6.84,6,1,1,3
29,61,91,14,6.066666666666666,7,1,3,0
35,64,100,17,5.555555555555555,4,2,5,1
28,121,150,26,5.555555555555555,12,2,5,1
16,65,82,11,6.833333333333333,1,0,0,1
23,75,99,14,6.6,6,0,0,1
19,56,76,14,5.066666666666666,9,1,1,0
22,69,92,18,4.842105263157895,8,2,2,2
28,109,138,18,7.2631578947368425,7,2,5,0
16,92,109,14,7.266666666666667,4,1,2,1
63,112,176,29,5.866666666666666,16,2,5,0
54,406,461,60,7.557377049180328,19,5,11,5
20,103,124,19,6.2,11,1,2,0
29,134,164,24,6.56,11,2,4,1
30,14,45,9,4.5,2,1,2,1
33,282,316,43,7.181818181818182,13,1,3,1
19,55,75,14,5.0,7,0,1,0
43,48,92,14,6.133333333333334,7,2,4,1
21,72,94,16,5.529411764705882,11,1,2,0
20,54,75,15,4.6875,8,1,2,1
44,254,299,46,6.361702127659575,17,6,7,1
36,32,69,15,4.3125,7,1,3,0
54,12,67,10,6.090909090909091,4,2,2,0
16,209,226,31,7.0625,10,6,4,0
32,21,54,9,5.4,3,0,2,1
51,84,136,22,5.913043478260869,11,2,4,1
36,57,94,14,6.266666666666667,5,1,3,2
20,155,176,29,5.866666666666666,12,2,6,0
33,76,110,17,6.111111111111111,6,1,3,1
14,19,34,5,5.666666666666667,1,0,0,1
20,14,35,7,4.375,1,1,1,1
20,13,34,6,4.857142857142857,1,0,1,1
13,48,62,10,5.636363636363637,5,1,0,1
29,147,177,30,5.709677419354839,18,0,9,2
31,38,70,9,7.0,5,0,2,1
9,78,88,14,5.866666666666666,6,1,2,0
31,59,91,14,6.066666666666666,7,1,3,0
11,172,184,27,6.571428571428571,7,1,1,2
24,110,135,19,6.75,7,0,6,1
50,21,72,12,5.538461538461538,4,0,2,2
33,77,111,20,5.285714285714286,8,1,4,1
30,72,103,20,4.904761904761905,12,1,4,0
42,34,77,11,6.416666666666667,5,2,1,0
46,158,205,29,6.833333333333333,13,2,5,3
60,94,155,24,6.2,16,1,4,1
34,27,62,9,6.2,3,0,2,1
31,71,103,16,6.0588235294117645,7,1,3,1
61,107,169,27,6.035714285714286,9,4,5,1
53,90,144,25,5.538461538461538,12,2,5,1
12,55,68,12,5.230769230769231,7,0,1,1
59,28,88,12,6.769230769230769,4,0,4,2
13,127,141,22,6.130434782608695,11,1,1,1
13,252,266,36,7.1891891891891895,13,5,5,2
15,245,261,41,6.214285714285714,18,2,5,1
41,22,64,11,5.333333333333333,4,1,1,2
28,378,407,55,7.267857142857143,26,6,8,1
45,56,102,17,5.666666666666667,6,1,6,1
20,156,177,27,6.321428571428571,14,2,3,0
41,712,754,91,8.195652173913043,23,8,7,3
18,26,45,5,7.5,3,0,2,0
14,113,128,19,6.4,9,1,3,1
21,147,169,23,7.041666666666667,8,3,3,1
28,135,164,24,6.56,10,0,4,1
21,89,111,17,6.166666666666667,11,0,4,0
10,42,53,9,5.3,4,1,3,1
37,83,121,17,6.722222222222222,8,1,6,1
33,22,56,8,6.222222222222222,2,0,2,2
23,12,36,5,6.0,2,0,1,0
16,21,38,6,5.428571428571429,3,0,2,0
41,94,136,17,7.555555555555555,7,0,5,0
48,69,118,20,5.619047619047619,9,1,4,3
35,99,135,21,6.136363636363637,8,1,5,0
9,72,82,12,6.3076923076923075,6,0,1,0
34,202,237,40,5.780487804878049,24,5,5,1
35,57,93,15,5.8125,5,3,2,1
48,45,94,11,7.833333333333333,2,2,3,1
14,527,542,65,8.212121212121213,18,2,8,2
70,351,422,51,8.115384615384615,15,4,10,0
22,146,169,25,6.5,9,3,6,2
60,22,83,11,6.916666666666667,5,1,4,0
28,34,63,11,5.25,6,0,1,1
56,101,158,24,6.32,10,1,4,2
10,56,67,14,4.466666666666667,7,1,2,0
66,12,79,13,5.642857142857143,5,1,2,2
37,20,58,10,5.2727272727272725,5,1,2,0
38,401,440,66,6.567164179104478,21,7,10,4
40,44,85,16,5.0,7,2,4,0
12,45,58,9,5.8,5,0,1,0
13,109,123,18,6.473684210526316,9,1,7,0
28,157,186,26,6.888888888888889,6,4,6,1
45,203,249,34,7.114285714285714,15,2,6,0
38,16,55,9,5.5,3,0,2,1
64,20,85,13,6.071428571428571,8,0,3,0
41,155,197,29,6.566666666666666,11,2,8,1
36,415,452,54,8.218181818181819,20,7,5,0
26,263,290,33,8.529411764705882,13,0,3,1
51,22,74,11,6.166666666666667,5,0,2,0
36,77,114,14,7.6,9,0,2,1
14,46,61,12,4.6923076923076925,6,0,1,0
20,19,40,8,4.444444444444445,3,0,1,1
33,124,158,22,6.869565217391305,11,1,5,1
21,64,86,13,6.142857142857143,5,1,4,0
66,104,171,24,6.84,7,2,8,2
18,12,31,5,5.166666666666667,1,0,2,1
31,12,44,7,5.5,3,0,1,1
14,144,159,23,6.625,8,2,3,2
66,54,121,17,6.722222222222222,9,1,5,1
61,88,150,24,6.0,9,1,5,2
72,19,92,13,6.571428571428571,6,0,4,1
29,17,47,9,4.7,3,1,3,0
23,71,95,15,5.9375,7,2,1,0
56,86,143,23,5.958333333333333,10,1,5,3
58,68,127,21,5.7727272727272725,7,2,6,0
13,83,97,17,5.388888888888889,7,0,4,1
36,74,111,18,5.842105263157895,7,0,4,2
24,39,64,12,4.923076923076923,6,1,2,0
33,443,477,57,8.224137931034482,17,1,14,3
28,459,488,66,7.2835820895522385,28,7,6,1
81,16,98,16,5.764705882352941,7,0,7,0
62,178,241,33,7.088235294117647,16,1,6,1
34,835,870,104,8.285714285714286,64,5,10,0
21,226,248,38,6.358974358974359,15,3,3,3
15,62,78,12,6.0,6,0,1,1
38,72,111,17,6.166666666666667,8,2,1,1
13,185,199,26,7.37037037037037,11,1,6,1
44,363,408,56,7.157894736842105,21,5,8,2
57,12,70,10,6.363636363636363,5,1,2,1
21,21,43,7,5.375,3,0,1,1
41,26,68,10,6.181818181818182,6,0,3,0
61,91,153,26,5.666666666666667,5,2,7,2
33,16,50,7,6.25,3,1,2,0
30,148,179,26,6.62962962962963,9,4,8,2
22,72,95,15,5.9375,8,1,3,1
26,46,73,13,5.214285714285714,6,0,2,0
47,57,105,13,7.5,2,0,3,0
70,98,169,23,7.041666666666667,11,0,3,1
26,19,46,6,6.571428571428571,4,0,1,0
46,62,109,16,6.411764705882353,5,3,3,1
39,15,55,7,6.875,2,0,3,1
26,52,79,13,5.642857142857143,3,1,2,2
26,25,52,7,6.5,2,0,1,1
18,53,72,12,5.538461538461538,5,0,2,1
47,178,226,27,8.071428571428571,7,1,4,1
32,116,149,24,5.96,11,3,3,1
43,325,369,47,7.6875,19,1,9,1
19,644,664,89,7.377777777777778,25,5,6,3
22,23,46,6,6.571428571428571,3,0,1,0
37,74,112,18,5.894736842105263,9,1,2,0
22,200,223,37,5.868421052631579,23,1,9,2
59,114,174,25,6.6923076923076925,12,1,4,1
82,234,317,48,6.469387755102041,19,3,12,2
15,369,385,57,6.637931034482759,23,5,9,3
33,156,190,29,6.333333333333333,12,6,5,2
30,115,146,20,6.9523809523809526,8,1,6,1
15,57,73,12,5.615384615384615,5,1,0,1
19,341,361,45,7.8478260869565215,14,7,8,2
37,338,376,44,8.355555555555556,11,3,6,0
66,31,98,17,5.444444444444445,5,1,2,2
15,67,83,12,6.384615384615385,7,0,2,0
14,30,45,8,5.0,5,0,1,0
56,110,167,25,6.423076923076923,15,1,7,1
13,58,72,12,5.538461538461538,3,1,2,1
26,170,197,28,6.793103448275862,6,3,2,1
33,16,50,7,6.25,2,0,2,1
17,81,99,14,6.6,6,1,5,0
70,99,170,21,7.7272727272727275,10,2,1,1
54,269,324,58,5.491525423728813,21,1,10,0
35,178,214,25,8.23076923076923,6,1,3,1
16,89,106,17,5.888888888888889,8,0,6,0
11,282,294,42,6.837209302325581,12,5,8,2
16,144,161,26,5.962962962962963,11,3,6,0
41,78,120,18,6.315789473684211,10,1,3,1
16,88,105,17,5.833333333333333,7,1,5,1
56,116,173,25,6.653846153846154,12,2,2,2
12,75,88,14,5.866666666666666,4,0,3,0
17,156,174,26,6.444444444444445,10,6,4,2
28,300,329,47,6.854166666666667,17,1,5,0
64,1517,1582,194,8.112820512820512,83,14,26,4
16,46,63,10,5.7272727272727275,4,1,3,1
48,277,326,38,8.35897435897436,5,3,5,0
53,58,112,16,6.588235294117647,10,0,2,0
26,158,185,37,4.868421052631579,26,1,4,1
20,34,55,8,6.111111111111111,4,0,3,0
41,106,148,19,7.4,5,0,4,0
20,26,47,7,5.875,4,0,0,0
55,57,113,20,5.380952380952381,10,1,2,2
24,68,93,12,7.153846153846154,6,0,2,2
60,119,180,27,6.428571428571429,9,2,7,2
41,74,116,18,6.105263157894737,6,1,4,1
58,147,206,28,7.103448275862069,9,3,6,1
40,193,234,27,8.357142857142858,6,0,6,3
26,83,110,16,6.470588235294118,4,1,2,1
41,12,54,7,6.75,4,0,1,1
23,16,40,6,5.714285714285714,3,0,2,0
15,92,108,15,6.75,5,0,4,1
22,154,177,27,6.321428571428571,11,4,6,2
26,76,103,17,5.722222222222222,8,0,3,2
19,546,566,77,7.256410256410256,29,6,9,2
34,107,142,26,5.2592592592592595,12,0,7,0
63,553,617,94,6.494736842105263,30,10,16,2
16,20,37,7,4.625,2,0,3,1
67,8,76,10,6.909090909090909,4,1,4,1
41,446,488,73,6.594594594594595,27,7,9,1
13,35,49,7,6.125,5,0,0,1
17,493,511,61,8.241935483870968,17,2,7,1
44,22,67,11,5.583333333333333,4,0,3,1
32,56,89,13,6.357142857142857,4,2,2,1
30,12,43,7,5.375,3,0,2,0
26,74,101,15,6.3125,2,2,4,1
29,48,78,12,6.0,5,0,3,0
44,16,61,9,6.1,5,2,0,0
37,142,180,25,6.923076923076923,9,1,3,0
30,61,92,14,6.133333333333334,2,1,1,2
43,27,71,12,5.461538461538462,5,0,4,1
42,12,55,7,6.875,2,0,3,1
18,40,59,8,6.555555555555555,3,1,1,1
44,41,86,14,5.733333333333333,5,0,3,0
63,80,144,21,6.545454545454546,9,3,3,1
42,71,114,20,5.428571428571429,13,1,1,1
35,12,48,9,4.8,5,1,0,0
33,74,108,16,6.352941176470588,6,3,3,0
18,177,196,26,7.2592592592592595,8,2,5,1
66,88,155,20,7.380952380952381,7,2,6,0
43,40,84,13,6.0,7,0,2,1
56,101,158,23,6.583333333333333,12,1,2,1
27,16,44,9,4.4,5,1,1,0
12,127,140,21,6.363636363636363,10,1,3,2
32,89,122,16,7.176470588235294,5,1,2,0
28,102,131,16,7.705882352941177,8,0,5,3
40,55,96,12,7.384615384615385,7,1,3,0
30,172,203,25,7.8076923076923075,7,4,4,4
26,53,80,11,6.666666666666667,5,1,3,0
37,58,96,15,6.0,8,0,3,0
18,20,39,6,5.571428571428571,1,0,0,1
36,60,97,17,5.388888888888889,10,2,2,1
13,111,125,18,6.578947368421052,11,0,6,1
37,68,106,18,5.578947368421052,9,2,1,0
41,97,139,22,6.043478260869565,12,1,5,1
26,182,209,28,7.206896551724138,12,2,5,3
24,895,920,126,7.244094488188976,29,6,8,3
19,196,216,27,7.714285714285714,6,1,4,1
26,13,40,9,4.0,4,0,2,0
20,66,87,15,5.4375,9,0,1,0
33,339,373,46,7.9361702127659575,18,6,7,1
44,76,121,17,6.722222222222222,5,3,2,1
17,65,83,13,5.928571428571429,4,1,3,2
8,37,46,8,5.111111111111111,4,1,1,0
66,61,128,20,6.095238095238095,6,1,7,1
48,350,399,48,8.142857142857142,14,5,7,0
27,39,67,10,6.090909090909091,2,0,4,1
14,65,80,17,4.444444444444445,8,0,4,1
44,64,109,19,5.45,9,1,5,0
39,319,359,47,7.479166666666667,18,7,8,2
11,236,248,32,7.515151515151516,11,1,9,2
58,429,488,65,7.393939393939394,27,5,11,0
15,150,166,23,6.916666666666667,8,2,7,0
12,126,139,26,5.148148148148148,10,0,6,0
46,409,456,66,6.8059701492537314,32,6,9,2
18,203,222,32,6.7272727272727275,13,3,8,1
59,530,590,74,7.866666666666666,22,3,9,2
45,77,123,21,5.590909090909091,9,0,2,0
42,172,215,31,6.71875,19,1,6,2
27,24,52,9,5.2,4,1,2,0
60,106,167,21,7.590909090909091,5,2,3,2
59,12,72,11,6.0,5,1,3,0
28,14,43,9,4.3,4,2,1,0
13,49,63,8,7.0,2,0,0,1
18,503,522,63,8.15625,20,3,6,1
39,258,298,35,8.277777777777779,6,1,5,1
28,117,146,23,6.083333333333333,14,4,1,0
15,99,115,15,7.1875,4,1,2,2
25,44,70,13,5.0,3,2,3,1
43,46,90,15,5.625,7,0,4,0
28,155,184,30,5.935483870967742,9,1,3,3
55,148,204,33,6.0,18,0,8,0
42,524,567,80,7.0,30,8,11,1
21,83,105,15,6.5625,11,1,2,1
15,124,140,22,6.086956521739131,8,2,1,1
16,95,112,19,5.6,11,2,2,1
14,147,162,29,5.4,13,1,8,1
59,20,80,13,5.714285714285714,4,0,3,1
37,523,561,79,7.0125,28,6,9,2
67,339,407,61,6.564516129032258,30,6,11,2
21,126,148,21,6.7272727272727275,8,1,7,0
47,72,120,18,6.315789473684211,6,0,4,1
21,59,81,14,5.4,4,0,4,1
26,12,39,5,6.5,3,0,0,0
19,215,235,39,5.875,8,4,2,1
28,12,41,7,5.125,4,0,1,0
18,61,80,13,5.714285714285714,7,0,1,1
27,46,74,14,4.933333333333334,7,1,3,1
54,21,76,13,5.428571428571429,7,0,2,1
24,120,145,20,6.904761904761905,6,0,2,1
45,504,550,72,7.534246575342466,27,10,8,3
29,78,108,19,5.4,10,0,3,0
21,298,320,51,6.153846153846154,25,6,6,1
39,100,140,24,5.6,10,3,3,3
49,63,113,18,5.947368421052632,8,1,5,1
14,29,44,6,6.285714285714286,1,0,0,1
18,113,132,17,7.333333333333333,4,2,2,1
19,19,39,6,5.571428571428571,2,0,1,0
44,64,109,17,6.055555555555555,8,0,3,1
34,208,243,33,7.147058823529412,12,3,3,1
47,196,244,36,6.594594594594595,18,5,6,2
42,471,514,68,7.449275362318841,20,10,12,3
23,155,179,25,6.884615384615385,6,2,5,3
51,269,321,45,6.978260869565218,12,6,9,2
21,258,280,44,6.222222222222222,13,1,1,1
20,68,89,13,6.357142857142857,3,0,3,1
21,151,173,27,6.178571428571429,9,1,6,1
22,87,110,17,6.111111111111111,9,0,3,1
28,51,80,12,6.153846153846154,3,2,3,2
22,89,112,15,7.0,6,0,4,0
42,49,92,15,5.75,5,0,4,1
29,187,217,29,7.233333333333333,13,4,3,1
26,88,115,16,6.764705882352941,8,1,4,1
63,48,112,17,6.222222222222222,7,0,4,1
22,36,59,10,5.363636363636363,6,1,2,0
70,47,118,17,6.555555555555555,7,1,3,4
22,52,75,13,5.357142857142857,5,0,2,1
21,16,38,6,5.428571428571429,3,1,0,1
23,26,50,8,5.555555555555555,5,0,0,1
50,531,582,80,7.185185185185185,29,6,9,3
45,343,389,46,8.27659574468085,13,3,8,1
37,179,217,31,6.78125,12,3,5,1
39,14,54,8,6.0,6,0,2,0
37,77,115,18,6.052631578947368,9,1,4,1
14,143,158,26,5.851851851851852,18,1,3,1
45,70,116,21,5.2727272727272725,10,0,3,1
26,279,306,45,6.6521739130434785,16,2,4,0
24,115,140,24,5.6,10,2,4,2
65,310,376,48,7.673469387755102,18,3,10,2
26,29,56,10,5.090909090909091,8,0,1,0
50,187,238,33,7.0,16,0,8,1
29,42,72,13,5.142857142857143,5,0,2,1
31,19,51,7,6.375,3,0,1,1
34,277,312,35,8.666666666666666,6,2,4,0
37,27,65,12,5.0,5,0,3,0
28,12,41,6,5.857142857142857,3,0,1,0
37,412,450,49,9.0,8,2,3,1
40,52,93,14,6.2,5,1,1,1
35,192,228,32,6.909090909090909,20,2,6,1
31,79,111,16,6.529411764705882,6,0,4,0
15,111,127,23,5.291666666666667,9,2,3,2
50,57,108,17,6.0,8,3,2,1
23,54,78,15,4.875,8,1,3,0
36,201,238,37,6.2631578947368425,22,0,8,3
15,44,60,10,5.454545454545454,5,1,3,0
58,53,112,17,6.222222222222222,5,5,3,2
45,15,61,10,5.545454545454546,4,1,1,2
46,340,387,48,7.8979591836734695,16,6,10,2
18,58,77,12,5.923076923076923,3,1,0,2
47,241,289,34,8.257142857142858,10,2,2,0
25,97,123,25,4.730769230769231,14,2,2,0
18,55,74,10,6.7272727272727275,3,1,1,2
12,73,86,11,7.166666666666667,6,0,1,0
21,103,125,18,6.578947368421052,6,1,6,0
68,100,169,28,5.827586206896552,14,2,6,0
37,14,52,9,5.2,4,0,1,1
13,261,275,37,7.2368421052631575,13,4,5,1
15,61,77,11,6.416666666666667,5,2,2,0
19,31,51,8,5.666666666666667,2,0,2,1
28,179,208,33,6.117647058823529,12,4,6,2
42,115,158,25,6.076923076923077,15,1,7,0
15,40,56,9,5.6,4,1,2,0
52,76,129,17,7.166666666666667,4,2,4,2
14,329,344,47,7.166666666666667,22,6,5,1
47,43,91,14,6.066666666666666,9,0,4,0
19,64,84,13,6.0,5,0,2,1
43,26,70,12,5.384615384615385,5,1,0,0
34,19,54,9,5.4,3,2,0,1
43,114,158,23,6.583333333333333,11,2,4,1
41,187,229,33,6.735294117647059,14,4,7,1
29,46,76,10,6.909090909090909,4,2,2,0
24,100,125,23,5.208333333333333,6,1,10,3
14,12,27,4,5.4,1,0,0,1
20,287,308,48,6.285714285714286,5,0,1,1
73,121,195,26,7.222222222222222,10,4,5,0
43,334,378,46,8.042553191489361,16,5,12,0
27,93,121,20,5.761904761904762,7,1,5,1
36,268,305,43,6.931818181818182,20,4,6,0
15,375,391,52,7.377358490566038,21,13,7,4
20,13,34,7,4.25,4,1,0,0
28,84,113,17,6.277777777777778,5,2,6,2
18,63,82,13,5.857142857142857,6,0,1,2
53,49,103,18,5.421052631578948,10,1,4,1
64,549,614,84,7.223529411764706,30,6,11,4
50,244,295,46,6.276595744680851,16,5,5,0
69,18,88,12,6.769230769230769,6,0,3,0
32,39,72,10,6.545454545454546,4,0,3,2
61,73,135,22,5.869565217391305,11,2,2,1
20,53,74,12,5.6923076923076925,7,0,2,0
19,39,59,12,4.538461538461538,4,1,1,0
21,37,59,11,4.916666666666667,4,2,1,0
43,287,331,49,6.62,6,2,2,0
33,89,123,17,6.833333333333333,8,1,2,0
37,81,119,18,6.2631578947368425,7,2,3,3
14,14,29,6,4.142857142857143,2,1,0,1
30,95,126,19,6.3,6,0,3,1
72,82,155,22,6.739130434782608,9,4,5,2
12,99,112,18,5.894736842105263,6,2,2,1
33,55,89,13,6.357142857142857,7,1,3,1
30,156,187,28,6.448275862068965,13,6,5,1
49,19,69,13,4.928571428571429,6,1,2,0
41,347,389,47,8.104166666666666,12,4,8,1
32,12,45,8,5.0,5,0,2,0
17,12,30,4,6.0,1,1,0,1
49,289,339,50,6.647058823529412,15,7,11,1
14,52,67,12,5.153846153846154,5,3,4,0
29,23,53,8,5.888888888888889,3,0,3,1
41,118,160,24,6.4,9,2,2,1
49,273,323,40,7.878048780487805,22,3,5,0
35,78,114,18,6.0,7,4,3,0
30,27,58,10,5.2727272727272725,2,2,2,1
20,127,148,26,5.481481481481482,13,1,4,1
13,117,131,19,6.55,9,0,4,3
27,122,150,24,6.0,12,4,2,2
46,540,587,81,7.158536585365853,29,5,12,3
35,247,283,36,7.648648648648648,12,5,5,2
37,112,150,24,6.0,10,3,5,2
24,78,103,18,5.421052631578948,7,1,3,0
33,69,103,15,6.4375,3,2,4,2
43,342,386,46,8.212765957446809,12,4,6,1
69,30,100,18,5.2631578947368425,4,2,4,3
24,241,266,32,8.06060606060606,7,3,3,0
31,467,499,67,7.338235294117647,18,6,8,1
63,168,232,37,6.105263157894737,18,2,4,2
13,109,123,17,6.833333333333333,7,1,3,1
33,287,321,50,6.294117647058823,7,0,2,0
18,68,87,14,5.8,4,0,2,1
57,250,308,45,6.695652173913044,20,5,7,2
15,167,183,27,6.535714285714286,7,2,7,0
21,44,66,11,5.5,3,0,5,0
45,339,385,53,7.12962962962963,12,6,12,2
65,211,277,45,6.021739130434782,24,4,11,0
48,28,77,12,5.923076923076923,3,1,2,2
19,12,32,5,5.333333333333333,2,1,1,0
18,50,69,14,4.6,3,2,4,1
23,348,372,50,7.294117647058823,17,6,9,3
24,138,163,21,7.409090909090909,5,4,3,2
22,316,339,43,7.704545454545454,15,2,9,2
21,308,330,43,7.5,15,2,9,2
13,134,148,21,6.7272727272727275,13,0,1,1
38,19,58,9,5.8,3,0,2,1
26,347,374,45,8.130434782608695,12,4,6,1
22,70,93,13,6.642857142857143,5,0,5,1
22,15,38,6,5.428571428571429,4,0,1,1
40,337,378,56,6.631578947368421,17,6,9,2
18,82,101,14,6.733333333333333,6,1,2,1
25,109,135,21,6.136363636363637,8,2,7,1
41,44,86,12,6.615384615384615,7,0,2,0
37,123,161,23,6.708333333333333,7,1,7,1
39,46,86,13,6.142857142857143,5,2,2,1
48,56,105,18,5.526315789473684,9,0,4,1
36,45,82,13,5.857142857142857,10,0,2,0
17,64,82,12,6.3076923076923075,3,0,3,1
47,858,906,139,6.4714285714285715,37,10,9,2
30,59,90,14,6.0,5,0,3,2
16,141,158,25,6.076923076923077,17,0,7,1
12,193,206,27,7.357142857142857,10,1,3,2
16,193,210,24,8.4,5,1,5,2
51,75,127,18,6.684210526315789,7,0,8,1
14,12,27,4,5.4,1,0,0,1
31,27,59,9,5.9,2,1,2,0
24,96,121,21,5.5,10,1,3,0
45,78,124,21,5.636363636363637,10,0,7,1
36,55,92,13,6.571428571428571,6,0,4,1
25,40,66,12,5.076923076923077,4,0,3,1
71,375,447,61,7.209677419354839,25,5,10,4
30,339,370,47,7.708333333333333,19,6,7,2
53,56,110,17,6.111111111111111,7,3,4,0
16,15,32,5,5.333333333333333,2,1,0,0
19,350,370,48,7.551020408163265,20,12,8,3
36,20,57,10,5.181818181818182,6,0,2,1
29,175,205,27,7.321428571428571,10,1,3,1
21,94,116,18,6.105263157894737,6,1,5,1
52,347,400,48,8.16326530612245,12,5,7,1
15,81,97,15,6.0625,7,3,0,0
38,80,119,21,5.409090909090909,9,2,3,1
13,27,41,7,5.125,5,1,1,0
54,214,269,36,7.27027027027027,7,1,4,3
45,380,426,52,8.037735849056604,13,1,8,1
14,89,104,17,5.777777777777778,8,0,3,0
27,120,148,22,6.434782608695652,11,2,4,2
20,94,115,15,7.1875,1,0,0,1
30,132,163,25,6.269230769230769,12,3,4,0
57,235,293,38,7.512820512820513,11,2,4,1
23,90,114,18,6.0,8,2,3,1
18,72,91,13,6.5,5,0,2,2
21,15,37,5,6.166666666666667,1,0,1,2
20,15,36,5,6.0,1,0,2,1
24,37,62,9,6.2,5,0,3,0
15,616,632,87,7.181818181818182,32,5,11,3
32,312,345,45,7.5,17,1,10,2
17,79,97,12,7.461538461538462,4,1,3,1
38,121,160,23,6.666666666666667,13,2,4,2
30,22,53,9,5.3,6,0,2,1
40,45,86,14,5.733333333333333,8,0,3,0
41,339,381,52,7.188679245283019,17,3,5,0
28,67,96,17,5.333333333333333,8,0,4,0
33,399,433,50,8.490196078431373,17,3,6,1
16,19,36,6,5.142857142857143,2,0,1,1
20,77,98,15,6.125,6,1,2,1
44,54,99,19,4.95,8,0,4,1
58,31,90,14,6.0,5,0,4,1
18,295,314,48,6.408163265306122,22,2,9,2
24,108,133,23,5.541666666666667,12,1,5,1
46,512,559,71,7.763888888888889,18,3,11,3
30,12,43,6,6.142857142857143,1,0,2,1
28,294,323,44,7.177777777777778,15,6,8,2
43,343,387,45,8.41304347826087,13,3,6,1
22,112,135,19,6.75,8,0,3,1
35,262,298,33,8.764705882352942,6,2,3,1
53,184,238,33,7.0,14,2,5,1
33,429,463,58,7.8474576271186445,13,10,10,2
25,351,377,54,6.8545454545454545,24,6,9,3
16,28,45,8,5.0,3,0,0,0
52,188,241,35,6.694444444444445,15,1,6,1
25,180,206,33,6.0588235294117645,12,3,8,4
43,82,126,20,6.0,8,1,5,1
23,64,88,12,6.769230769230769,5,1,3,1
53,61,115,16,6.764705882352941,5,1,4,2
22,11,34,5,5.666666666666667,4,1,0,0
14,46,61,10,5.545454545454546,0,0,4,1
13,134,148,24,5.92,10,2,6,2
36,256,293,44,6.511111111111111,19,1,10,1
25,78,104,17,5.777777777777778,8,1,1,0
25,370,396,66,5.91044776119403,32,4,12,0
15,467,483,66,7.208955223880597,29,8,5,0
32,102,135,23,5.625,10,2,6,1
35,39,75,14,5.0,6,2,2,1
34,37,72,11,6.0,2,1,4,1
39,37,77,11,6.416666666666667,5,0,2,1
62,96,159,24,6.36,12,2,5,0
60,123,184,25,7.076923076923077,8,1,5,2
18,23,42,6,6.0,3,0,2,0
26,70,97,12,7.461538461538462,3,0,1,1
21,15,37,7,4.625,2,0,1,2
43,30,74,11,6.166666666666667,2,1,3,2
57,77,135,23,5.625,7,2,6,1
56,342,399,47,8.3125,15,3,7,0
29,59,89,11,7.416666666666667,4,2,1,1
37,28,66,12,5.076923076923077,6,1,0,1
31,118,150,25,5.769230769230769,12,3,3,1
40,134,175,24,7.0,10,2,4,0
38,630,669,97,6.826530612244898,35,18,17,9
17,285,303,43,6.886363636363637,13,6,8,2
49,95,145,21,6.590909090909091,6,0,6,1
15,25,41,7,5.125,3,0,0,1
38,22,61,9,6.1,2,1,3,1
62,65,128,20,6.095238095238095,7,1,6,1
14,12,27,4,5.4,1,0,0,1
50,81,132,22,5.739130434782608,11,2,2,0
48,48,97,14,6.466666666666667,7,1,4,0
26,26,53,8,5.888888888888889,4,0,0,1
16,82,99,18,5.2105263157894735,8,0,2,0
26,14,41,6,5.857142857142857,1,0,2,1
47,15,63,10,5.7272727272727275,4,0,4,1
37,144,182,24,7.28,10,2,5,1
22,79,102,15,6.375,5,1,4,1
62,29,92,17,5.111111111111111,6,2,3,1
47,147,195,33,5.735294117647059,7,4,5,2
17,246,264,31,8.25,8,2,4,1
45,45,91,14,6.066666666666666,4,2,3,2
40,68,109,19,5.45,11,2,2,0
18,137,156,23,6.5,7,1,3,1
37,12,50,8,5.555555555555555,2,0,2,1
43,100,144,22,6.260869565217392,9,3,5,0
64,66,131,19,6.55,10,2,3,1
25,72,98,18,5.157894736842105,4,3,0,2
41,247,289,40,7.048780487804878,15,3,5,1
16,37,54,8,6.0,4,0,1,1
49,347,397,47,8.270833333333334,12,4,7,1
38,189,228,37,6.0,15,2,8,2
46,40,87,12,6.6923076923076925,7,1,1,0
33,192,226,31,7.0625,19,3,5,0
23,93,117,19,5.85,10,0,3,0
26,17,44,8,4.888888888888889,4,1,0,1
25,121,147,23,6.125,9,1,5,1
47,175,223,39,5.575,17,2,7,2
43,194,238,39,5.95,18,1,12,0
52,11,64,12,4.923076923076923,5,0,2,2
38,395,434,58,7.3559322033898304,21,5,9,1
26,88,115,19,5.75,7,1,2,1
40,93,134,21,6.090909090909091,7,0,3,0
27,32,60,7,7.5,0,1,3,1
63,51,115,12,8.846153846153847,6,1,1,1
53,179,233,29,7.766666666666667,11,2,7,0
25,24,50,8,5.555555555555555,5,0,2,1
15,327,343,38,8.794871794871796,14,2,7,1
55,59,115,17,6.388888888888889,6,2,6,0
18,65,84,11,7.0,6,2,1,1
35,67,103,19,5.15,9,3,3,1
19,79,99,17,5.5,8,1,2,0
20,214,235,31,7.34375,6,4,2,6
56,64,121,20,5.761904761904762,7,0,5,2
36,82,119,25,4.576923076923077,11,1,7,1
17,15,33,6,4.714285714285714,2,1,1,0
36,413,450,54,8.181818181818182,16,1,12,3
31,12,44,6,6.285714285714286,4,0,2,0
27,115,143,25,5.5,12,3,0,1
12,15,28,5,4.666666666666667,3,1,0,0
24,22,47,7,5.875,3,0,2,0
36,57,94,15,5.875,7,1,4,0
22,42,65,9,6.5,3,0,2,2
33,106,140,22,6.086956521739131,10,1,5,0
63,42,106,13,7.571428571428571,7,1,1,1
35,76,112,19,5.6,11,0,6,0
60,176,237,36,6.405405405405405,13,3,6,0
21,50,72,14,4.8,7,0,3,0
57,159,217,33,6.382352941176471,10,2,5,1
17,41,59,8,6.555555555555555,2,0,1,1
25,41,67,10,6.090909090909091,3,0,3,2
25,12,38,6,5.428571428571429,3,0,1,1
13,93,107,14,7.133333333333334,6,1,2,0
32,42,75,12,5.769230769230769,4,0,3,2
44,359,404,50,7.921568627450981,13,4,9,1
25,159,185,31,5.78125,14,5,7,0
15,588,604,70,8.507042253521126,27,7,9,2
28,115,144,22,6.260869565217392,10,0,5,2
40,266,307,38,7.871794871794871,11,3,6,1
38,302,341,47,7.104166666666667,18,5,6,2
60,72,133,21,6.045454545454546,7,3,4,2
61,18,80,12,6.153846153846154,6,0,3,1
29,182,212,31,6.625,14,1,4,1
41,343,385,46,8.191489361702128,12,3,7,1
35,31,67,9,6.7,3,0,3,1
9,159,169,22,7.3478260869565215,6,3,2,1
14,59,74,13,5.285714285714286,5,2,3,1
15,762,778,88,8.741573033707866,21,3,5,1
38,62,101,16,5.9411764705882355,7,1,4,1
29,53,83,14,5.533333333333333,5,2,4,1
24,81,106,18,5.578947368421052,8,0,5,1
41,48,90,16,5.294117647058823,4,2,4,1
28,479,508,74,6.773333333333333,28,6,9,2
35,343,379,49,7.58,19,5,8,2
29,215,245,37,6.447368421052632,19,5,7,5
48,41,90,14,6.0,6,1,5,0
25,298,324,39,8.1,11,0,4,0
30,15,46,6,6.571428571428571,3,0,1,2
33,12,46,6,6.571428571428571,3,0,1,1
27,49,77,16,4.529411764705882,6,0,2,2
38,395,434,58,7.3559322033898304,22,5,11,1
33,267,301,37,7.921052631578948,10,3,6,1
14,233,248,36,6.702702702702703,15,6,7,2
11,403,415,61,6.693548387096774,22,4,11,2
14,201,216,27,7.714285714285714,9,5,1,1
50,99,150,20,7.142857142857143,5,1,5,2
15,23,39,11,3.25,6,0,1,0
22,343,366,46,7.787234042553192,18,7,7,2
20,41,62,10,5.636363636363637,3,0,2,1
31,56,88,16,5.176470588235294,5,0,2,1
19,241,261,31,8.15625,5,2,2,1
22,12,35,5,5.833333333333333,4,0,1,0
20,74,95,14,6.333333333333333,5,1,2,1
38,168,207,34,5.914285714285715,18,3,6,1
58,58,117,17,6.5,7,3,3,2
24,12,37,7,4.625,2,0,0,1
20,15,36,8,4.0,6,0,1,0
34,117,152,27,5.428571428571429,12,3,6,1
25,401,427,54,7.763636363636364,12,5,9,1
49,12,62,10,5.636363636363637,4,1,0,1
25,47,73,12,5.615384615384615,4,1,1,2
34,94,129,20,6.142857142857143,6,1,7,0
34,30,65,11,5.416666666666667,7,1,0,0
26,47,74,11,6.166666666666667,3,1,4,0
42,52,95,13,6.785714285714286,6,0,4,0
37,11,49,9,4.9,2,0,2,1
44,84,129,20,6.142857142857143,5,1,2,1
43,20,64,10,5.818181818181818,5,1,1,1
13,44,58,8,6.444444444444445,3,1,1,0
23,71,95,15,5.9375,6,2,4,0
31,193,225,27,8.035714285714286,8,0,5,0
45,347,393,47,8.1875,12,5,6,1
15,233,249,41,5.928571428571429,15,3,5,1
47,28,76,14,5.066666666666666,7,1,2,1
12,36,49,7,6.125,2,0,2,1
34,156,191,30,6.161290322580645,13,6,4,2
49,663,713,85,8.290697674418604,23,4,10,1
13,36,50,7,6.25,3,1,0,0
55,15,71,10,6.454545454545454,6,0,4,0
21,90,112,17,6.222222222222222,7,1,2,1
49,67,117,18,6.157894736842105,8,1,3,3
29,92,122,17,6.777777777777778,8,2,3,1
14,65,80,10,7.2727272727272725,3,0,1,1
22,77,100,13,7.142857142857143,2,0,1,1
20,110,131,17,7.277777777777778,6,1,3,0
40,148,189,23,7.875,7,0,2,0
24,38,63,9,6.3,2,1,2,1
52,121,174,24,6.96,8,1,6,2
25,145,171,31,5.34375,16,4,2,1
32,383,416,58,7.0508474576271185,24,5,12,2
59,517,577,71,8.01388888888889,21,3,9,2
53,245,299,45,6.5,17,9,6,0
21,59,81,11,6.75,4,0,2,1
13,28,42,7,5.25,1,1,2,0
36,12,49,6,7.0,2,1,1,1
52,72,125,16,7.352941176470588,6,1,1,0
40,79,120,22,5.217391304347826,15,0,3,1
26,46,73,10,6.636363636363637,6,1,3,0
33,57,91,15,5.6875,5,2,2,2
21,142,164,30,5.290322580645161,13,1,1,1
47,95,143,22,6.217391304347826,9,0,5,2
31,51,83,13,5.928571428571429,5,0,4,1
14,535,550,71,7.638888888888889,25,8,10,1
23,12,36,6,5.142857142857143,2,1,0,1
14,144,159,23,6.625,8,4,2,1
15,358,374,51,7.1923076923076925,13,4,7,1
22,726,749,90,8.23076923076923,21,8,7,3
22,11,34,7,4.25,6,0,0,0
37,166,204,32,6.181818181818182,16,7,4,0
50,138,189,29,6.3,12,2,5,3
29,100,130,18,6.842105263157895,8,2,3,0
28,69,98,12,7.538461538461538,3,2,3,0
52,702,755,93,8.03191489361702,24,8,7,3
44,343,388,47,8.083333333333334,12,5,6,1
20,292,313,51,6.019230769230769,21,4,3,1
42,93,136,20,6.476190476190476,6,2,4,1
14,256,271,36,7.324324324324325,11,4,5,1
68,12,81,12,6.230769230769231,5,0,3,2
18,28,47,7,5.875,1,1,0,2
18,90,109,18,5.7368421052631575,5,2,5,2
48,102,151,22,6.565217391304348,12,1,1,1
25,70,96,15,6.0,8,0,2,2
21,1426,1448,177,8.134831460674157,80,13,25,2
17,156,174,26,6.444444444444445,10,6,4,2
49,164,214,40,5.219512195121951,23,4,7,0
24,241,266,31,8.3125,8,2,2,0
33,455,489,70,6.887323943661972,25,9,10,5
28,57,86,16,5.0588235294117645,6,1,2,0
31,12,44,6,6.285714285714286,3,0,2,0
32,12,45,6,6.428571428571429,2,0,0,1
25,82,108,16,6.352941176470588,8,2,1,1
45,55,101,17,5.611111111111111,6,1,2,1
41,71,113,15,7.0625,8,1,1,1
41,27,69,12,5.3076923076923075,5,0,2,0
14,205,220,28,7.586206896551724,6,3,5,4
52,163,216,29,7.2,11,2,5,1
15,849,865,126,6.811023622047244,46,14,15,2
42,106,149,22,6.478260869565218,9,0,5,1
20,182,203,25,7.8076923076923075,10,0,3,1
35,70,106,11,8.833333333333334,4,0,3,1
49,23,73,13,5.214285714285714,9,1,2,0
20,168,189,32,5.7272727272727275,13,6,6,1
28,132,161,25,6.1923076923076925,13,2,6,0
24,287,312,48,6.36734693877551,5,0,2,1
27,63,91,13,6.5,7,2,4,0
14,12,27,7,3.375,1,1,0,0
13,384,398,58,6.745762711864407,24,5,10,2
37,263,301,39,7.525,15,1,8,2
36,168,205,29,6.833333333333333,9,5,4,2
23,49,73,13,5.214285714285714,5,0,2,1
45,195,241,35,6.694444444444445,17,2,6,3
16,12,29,4,5.8,1,0,1,1
41,182,224,36,6.054054054054054,16,3,5,1
37,18,56,7,7.0,3,0,3,0
59,78,138,19,6.9,11,2,3,0
26,175,202,29,6.733333333333333,11,1,0,1
32,336,369,48,7.530612244897959,13,0,7,2
25,140,166,27,5.928571428571429,8,2,3,2
21,200,222,32,6.7272727272727275,11,2,4,3
55,489,545,67,8.014705882352942,17,2,10,3
14,340,355,42,8.255813953488373,17,6,7,0
16,88,105,13,7.5,3,2,1,1
13,452,466,53,8.62962962962963,10,6,4,1
26,252,279,41,6.642857142857143,17,6,11,0
28,76,105,22,4.565217391304348,10,0,6,1
64,12,77,12,5.923076923076923,6,1,1,0
41,58,100,13,7.142857142857143,3,0,1,1
26,34,61,9,6.1,4,0,3,0
19,278,298,44,6.622222222222222,15,6,10,1
50,406,457,57,7.879310344827586,12,5,10,2
30,192,223,31,6.96875,19,2,5,0
24,347,372,50,7.294117647058823,18,7,7,3
68,159,228,29,7.6,8,0,4,3
38,206,245,35,6.805555555555555,10,3,7,1
33,81,115,19,5.75,8,1,6,0
43,165,209,28,7.206896551724138,9,3,7,2
18,11,30,7,3.75,1,0,2,1
13,80,94,13,6.714285714285714,7,2,0,1
63,174,238,34,6.8,17,4,3,2
40,95,136,22,5.913043478260869,8,1,3,2
50,44,95,15,5.9375,6,1,3,0
56,107,164,19,8.2,9,0,5,1
15,42,58,12,4.461538461538462,4,0,1,1
52,18,71,10,6.454545454545454,6,0,2,1
61,253,315,39,7.875,15,6,7,2
20,33,54,9,5.4,3,1,2,1
44,61,106,16,6.235294117647059,7,1,5,1
14,47,62,10,5.636363636363637,2,2,1,1
47,138,186,27,6.642857142857143,13,0,8,0
8,57,66,10,6.0,6,0,3,1
29,69,99,18,5.2105263157894735,8,2,4,0
24,43,68,11,5.666666666666667,4,2,2,1
67,90,158,24,6.32,10,4,5,2
31,30,62,10,5.636363636363637,4,0,1,1
47,54,102,19,5.1,10,0,3,2
51,76,128,26,4.7407407407407405,11,0,5,1
13,239,253,35,7.027777777777778,14,2,3,1
27,12,40,7,5.0,2,1,1,1
16,26,43,6,6.142857142857143,3,0,2,0
45,16,62,12,4.769230769230769,4,1,3,1
36,97,134,18,7.052631578947368,5,3,3,2
39,110,150,26,5.555555555555555,10,4,4,0
28,136,165,31,5.15625,12,4,6,2
14,197,212,27,7.571428571428571,5,2,8,3
19,58,78,12,6.0,3,2,2,1
26,504,531,69,7.585714285714285,26,2,16,2
68,12,81,10,7.363636363636363,6,0,3,1
34,133,168,28,5.793103448275862,9,3,7,0
35,83,119,18,6.2631578947368425,9,0,2,0
13,86,100,14,6.666666666666667,6,0,0,1
60,58,119,17,6.611111111111111,6,3,2,1
57,86,144,20,6.857142857142857,7,0,4,2
36,42,79,11,6.583333333333333,5,1,3,0
33,97,131,20,6.238095238095238,11,2,2,0
63,12,76,10,6.909090909090909,4,0,5,0
54,147,202,26,7.481481481481482,7,3,4,2
59,78,138,22,6.0,12,0,5,0
39,55,95,12,7.3076923076923075,4,1,3,2
14,78,93,17,5.166666666666667,8,1,2,1
40,175,216,36,5.837837837837838,16,3,7,3
33,68,102,17,5.666666666666667,7,2,3,0
36,15,52,7,6.5,2,0,2,1
48,11,60,10,5.454545454545454,3,0,2,2
66,12,79,10,7.181818181818182,5,1,2,1
39,719,759,87,8.625,29,8,14,0
29,131,161,18,8.473684210526315,9,2,2,3
13,19,33,6,4.714285714285714,3,0,0,1
20,9,30,4,6.0,1,0,0,1
20,101,122,15,7.625,3,2,4,1
22,110,133,21,6.045454545454546,8,2,3,2
14,65,80,11,6.666666666666667,7,2,1,0
34,127,162,25,6.230769230769231,12,2,4,3
63,309,373,53,6.907407407407407,17,6,12,1
36,286,323,57,5.568965517241379,27,5,16,1
39,552,592,81,7.219512195121951,27,6,10,1
26,43,70,10,6.363636363636363,6,0,1,1
29,61,91,14,6.066666666666666,7,1,3,1
47,49,97,14,6.466666666666667,5,0,3,1
46,26,73,12,5.615384615384615,3,0,1,1
45,347,393,47,8.1875,11,4,7,1
39,107,147,19,7.35,5,1,4,1
19,95,115,16,6.764705882352941,4,2,3,1
48,12,61,9,6.1,5,0,1,1
14,222,237,43,5.386363636363637,15,2,4,0
67,64,132,19,6.6,6,2,5,1
13,12,26,4,5.2,2,0,0,1
24,34,59,10,5.363636363636363,6,0,3,0
26,151,178,26,6.592592592592593,9,0,3,1
41,56,98,13,7.0,5,0,4,1
37,27,65,11,5.416666666666667,4,0,2,0
51,104,156,23,6.5,8,3,3,1
59,521,581,70,8.183098591549296,20,3,9,2
52,72,125,17,6.944444444444445,7,2,5,0
50,137,188,27,6.714285714285714,12,2,8,0
22,29,52,10,4.7272727272727275,3,0,2,0
13,73,87,13,6.214285714285714,4,3,2,2
38,156,195,29,6.5,13,6,5,1
14,111,126,23,5.25,8,0,1,1
24,53,78,14,5.2,4,1,1,1
18,130,149,21,6.7727272727272725,6,0,3,2
27,40,68,11,5.666666666666667,4,0,3,0
46,96,143,22,6.217391304347826,11,2,5,2
61,79,141,21,6.409090909090909,6,2,6,0
28,38,67,12,5.153846153846154,4,1,2,1
40,92,133,24,5.32,12,1,2,1
14,28,43,9,4.3,4,0,2,0
56,75,132,18,6.947368421052632,7,2,5,2
31,14,46,7,5.75,2,0,0,1
21,38,60,9,6.0,4,0,4,0
20,278,299,45,6.5,14,5,11,2
27,604,632,87,7.181818181818182,35,4,9,0
27,12,40,5,6.666666666666667,1,0,2,1
16,15,32,5,5.333333333333333,3,0,2,0
38,24,63,11,5.25,4,0,3,1
50,51,102,17,5.666666666666667,8,0,3,2
27,101,129,22,5.608695652173913,10,1,2,1
26,33,60,11,5.0,5,1,3,0
22,191,214,30,6.903225806451613,11,6,5,3
13,162,176,24,7.04,11,2,7,1
64,88,153,21,6.954545454545454,8,1,7,0
51,346,398,47,8.291666666666666,13,5,7,0
21,61,83,13,5.928571428571429,6,0,2,2
45,347,393,48,8.020408163265307,14,4,6,1
17,97,115,17,6.388888888888889,6,2,5,1
29,104,134,24,5.36,9,2,4,1
58,850,909,107,8.416666666666666,29,10,12,1
49,67,117,14,7.8,3,0,5,2
63,20,84,13,6.0,6,1,3,0
47,66,114,19,5.7,7,1,3,1
15,42,58,11,4.833333333333333,4,0,2,1
29,376,406,56,7.12280701754386,22,6,11,2
50,18,69,10,6.2727272727272725,3,0,4,0
25,226,252,39,6.3,15,3,4,3
13,85,99,16,5.823529411764706,8,1,3,0
47,277,325,36,8.783783783783784,5,2,5,1
19,95,115,20,5.476190476190476,9,2,4,1
45,160,206,30,6.645161290322581,11,0,4,0
30,327,358,62,5.682539682539683,26,9,8,2
32,22,55,7,6.875,3,0,1,0
56,17,74,9,7.4,7,1,1,0
41,59,101,16,5.9411764705882355,7,0,4,0
17,26,44,6,6.285714285714286,1,0,1,1
37,50,88,15,5.5,6,0,5,0
60,39,100,13,7.142857142857143,7,1,3,1
73,453,527,78,6.670886075949367,32,8,11,1
12,73,86,11,7.166666666666667,1,1,2,1
26,155,182,26,6.7407407407407405,11,3,7,0
17,24,42,9,4.2,4,0,1,1
25,175,201,31,6.28125,13,2,8,2
14,84,99,17,5.5,6,0,1,2
29,120,150,25,5.769230769230769,12,2,4,1
34,21,56,9,5.6,4,0,2,1
43,92,136,22,5.913043478260869,10,2,3,0
41,1407,1449,178,8.094972067039107,79,15,25,3
37,71,109,17,6.055555555555555,9,0,2,1
15,77,93,13,6.642857142857143,6,2,2,1
39,46,86,17,4.777777777777778,3,2,5,3
28,111,140,21,6.363636363636363,6,1,6,3
45,82,128,17,7.111111111111111,6,2,2,0
65,85,151,30,4.870967741935484,16,2,5,0
37,233,271,36,7.324324324324325,8,1,3,0
33,375,409,55,7.303571428571429,31,4,7,0
27,123,151,19,7.55,8,1,1,0
30,57,88,14,5.866666666666666,5,0,4,1
20,21,42,8,4.666666666666667,3,0,1,1
58,64,123,20,5.857142857142857,11,2,3,0
49,135,185,25,7.115384615384615,10,0,5,2
61,67,129,19,6.45,8,1,6,2
37,52,90,14,6.0,6,2,4,1
30,125,156,23,6.5,7,2,4,1
12,176,189,23,7.875,8,0,1,1
51,502,554,76,7.194805194805195,27,7,11,4
26,29,56,11,4.666666666666667,4,0,2,0
14,47,62,10,5.636363636363637,5,0,0,1
46,661,708,85,8.232558139534884,19,7,9,3
13,148,162,23,6.75,12,0,0,2
32,513,546,70,7.690140845070423,27,5,7,1
37,40,78,11,6.5,4,2,2,1
54,33,88,10,8.0,4,0,2,0
26,15,42,7,5.25,3,1,0,0
19,411,431,52,8.132075471698114,16,0,11,3
40,12,53,10,4.818181818181818,2,1,4,0
20,149,170,23,7.083333333333333,3,2,1,1
26,55,82,14,5.466666666666667,6,0,6,0
20,12,33,4,6.6,1,0,0,2
14,14,29,5,4.833333333333333,0,0,1,0
41,82,124,19,6.2,7,1,5,1
29,113,143,16,8.411764705882353,2,0,1,2
46,87,134,24,5.36,6,4,5,3
37,17,55,9,5.5,3,2,2,0
37,201,239,33,7.029411764705882,10,3,4,0
13,112,126,20,6.0,8,1,2,1
28,56,85,15,5.3125,4,1,4,2
27,177,205,28,7.068965517241379,12,3,3,1
21,33,55,10,5.0,3,0,2,0
17,395,413,53,7.648148148148148,11,5,8,1
24,12,37,6,5.285714285714286,2,1,1,1
29,75,105,20,5.0,9,1,2,2
12,29,42,6,6.0,3,0,1,1
30,40,71,10,6.454545454545454,4,0,2,1
39,282,322,45,7.0,11,3,6,3
19,105,125,19,6.25,7,0,3,1
57,18,76,12,5.846153846153846,7,1,2,0
59,345,405,52,7.6415094339622645,10,0,5,3
21,94,116,20,5.523809523809524,10,1,3,0
23,192,216,30,6.967741935483871,19,3,5,0
24,41,66,11,5.5,4,1,3,0
69,49,119,19,5.95,9,2,3,0
21,94,116,18,6.105263157894737,10,2,3,0
48,102,151,22,6.565217391304348,8,2,4,1
18,100,119,21,5.409090909090909,8,1,3,1
25,48,74,12,5.6923076923076925,5,2,2,1
16,59,76,12,5.846153846153846,6,1,2,0
23,185,209,28,7.206896551724138,12,3,3,2
50,56,107,16,6.294117647058823,4,0,6,2
25,12,38,7,4.75,2,0,2,0
48,115,164,25,6.3076923076923075,8,2,6,3
44,347,392,47,8.166666666666666,12,4,7,1
13,73,87,16,5.117647058823529,6,1,2,1
23,119,143,19,7.15,7,4,3,0
24,373,398,55,7.107142857142857,25,6,7,2
49,55,105,15,6.5625,6,0,2,1
42,151,194,29,6.466666666666667,12,4,5,1
26,407,434,56,7.614035087719298,29,2,10,1
36,199,236,37,6.2105263157894735,9,5,11,1
16,395,412,55,7.357142857142857,20,5,8,2
25,45,71,13,5.071428571428571,8,0,3,0
22,110,133,23,5.541666666666667,7,5,4,1
21,112,134,21,6.090909090909091,5,5,3,2
23,12,36,5,6.0,2,0,1,1
26,159,186,28,6.413793103448276,14,2,4,3
27,39,67,13,4.785714285714286,6,0,1,0
22,12,35,6,5.0,4,1,0,0
12,66,79,9,7.9,3,2,1,0
31,164,196,32,5.9393939393939394,19,0,9,1
13,110,124,16,7.294117647058823,6,2,2,1
11,217,229,36,6.1891891891891895,17,1,6,0
14,115,130,20,6.190476190476191,8,0,4,0
42,138,181,26,6.703703703703703,10,1,8,1
63,46,110,17,6.111111111111111,8,1,4,0
26,128,155,24,6.2,7,1,5,0
29,42,72,9,7.2,4,0,1,1
46,51,98,15,6.125,3,2,2,1
52,309,362,51,6.961538461538462,21,7,4,2
25,192,218,31,6.8125,20,2,4,0
28,156,185,29,6.166666666666667,12,2,2,1
18,260,279,44,6.2,16,1,6,0
36,127,164,21,7.454545454545454,3,0,3,1
22,26,49,7,6.125,2,0,1,1
21,78,100,16,5.882352941176471,8,2,1,0
25,101,127,23,5.291666666666667,12,4,1,1
61,96,158,20,7.523809523809524,6,2,2,3
32,195,228,33,6.705882352941177,14,4,7,2
25,61,87,15,5.4375,6,2,0,0
56,45,102,18,5.368421052631579,8,1,3,2
23,123,147,23,6.125,11,1,5,2
56,509,566,73,7.648648648648648,29,9,9,1
23,37,61,10,5.545454545454546,2,2,1,1
19,36,56,9,5.6,3,2,2,0
23,119,143,24,5.72,10,3,5,0
13,12,26,4,5.2,2,0,0,0
41,63,105,17,5.833333333333333,9,0,3,1
19,104,124,18,6.526315789473684,8,2,4,1
40,262,303,38,7.769230769230769,17,2,8,0
35,65,101,14,6.733333333333333,5,1,3,1
43,291,335,39,8.375,9,1,8,1
35,67,103,17,5.722222222222222,8,0,2,0
63,145,209,31,6.53125,15,0,9,0
62,103,166,22,7.217391304347826,6,2,4,0
47,106,154,23,6.416666666666667,8,2,4,1
19,233,253,34,7.228571428571429,8,6,7,1
14,14,29,5,4.833333333333333,1,0,2,0
13,12,26,5,4.333333333333333,2,0,0,1
13,102,116,18,6.105263157894737,5,1,4,2
63,34,98,13,7.0,8,1,2,0
14,43,58,8,6.444444444444445,3,0,3,0
13,12,26,4,5.2,0,0,0,1
67,219,287,44,6.377777777777778,17,9,8,4
15,76,92,14,6.133333333333334,6,1,2,1
18,14,33,6,4.714285714285714,2,0,0,1
29,24,54,10,4.909090909090909,3,2,1,0
21,59,81,13,5.785714285714286,5,2,1,2
52,106,159,23,6.625,12,0,4,0
46,102,149,23,6.208333333333333,9,2,3,2
16,108,125,20,5.9523809523809526,9,1,3,1
73,233,307,37,8.078947368421053,6,1,5,1
31,182,214,30,6.903225806451613,13,1,5,1
54,178,233,36,6.297297297297297,19,5,5,2
52,488,541,77,6.935897435897436,31,6,11,2
67,447,515,64,7.923076923076923,23,5,5,4
35,76,112,16,6.588235294117647,6,2,3,1
25,176,202,27,7.214285714285714,10,1,2,0
22,24,47,5,7.833333333333333,1,0,1,1
31,230,262,41,6.238095238095238,15,6,5,5
59,37,97,16,5.705882352941177,8,1,2,0
47,135,183,29,6.1,12,1,8,1
30,113,144,22,6.260869565217392,7,2,3,3
13,59,73,11,6.083333333333333,5,1,2,1
9,127,137,17,7.611111111111111,4,1,2,1
45,25,71,13,5.071428571428571,4,1,5,1
28,39,68,12,5.230769230769231,3,0,3,1
28,118,147,23,6.125,12,4,5,0
16,80,97,15,6.0625,6,3,2,0
22,14,37,7,4.625,2,0,2,0
19,82,102,17,5.666666666666667,8,1,3,1
34,111,146,21,6.636363636363637,10,3,1,2
28,272,301,38,7.717948717948718,9,5,8,1
33,184,218,30,7.032258064516129,16,4,3,1
32,670,703,94,7.4,32,5,14,1
34,228,263,43,5.9772727272727275,14,3,9,5
21,74,96,14,6.4,7,1,1,1
32,309,342,44,7.6,15,2,6,1
31,310,342,43,7.7727272727272725,15,7,7,1
14,41,56,9,5.6,1,1,3,0
44,395,440,58,7.4576271186440675,21,5,10,1
34,309,344,44,7.644444444444445,15,2,6,1
38,347,386,46,8.212765957446809,13,4,6,1
14,80,95,16,5.588235294117647,8,1,5,0
25,442,468,54,8.50909090909091,15,6,7,1
20,34,55,11,4.583333333333333,5,0,4,0
30,501,532,76,6.909090909090909,29,7,11,1
65,51,117,14,7.8,5,2,2,0
17,156,174,26,6.444444444444445,10,6,4,2
32,27,60,9,6.0,5,0,3,0
54,71,126,20,6.0,9,1,6,1
15,70,86,14,5.733333333333333,6,1,3,0
22,431,454,66,6.776119402985074,30,5,4,0
25,61,87,18,4.578947368421052,9,2,1,0
31,105,137,22,5.956521739130435,6,2,3,1
25,48,74,15,4.625,4,3,3,2
66,174,241,39,6.025,17,3,9,2
36,347,384,47,8.0,11,5,7,1
19,174,194,25,7.461538461538462,9,1,3,1
21,132,154,20,7.333333333333333,11,1,6,1
52,12,65,9,6.5,3,0,2,1
40,52,93,17,5.166666666666667,5,1,5,0
45,24,70,14,4.666666666666667,7,0,4,0
14,69,84,13,6.0,5,1,1,0
18,35,54,9,5.4,3,1,0,1
18,60,79,14,5.266666666666667,5,1,3,0
20,170,191,28,6.586206896551724,12,1,4,0
13,262,276,39,6.9,12,2,6,3
18,377,396,55,7.071428571428571,25,5,8,2
20,62,83,13,5.928571428571429,6,0,3,0
49,12,62,8,6.888888888888889,5,2,1,0
34,139,174,25,6.6923076923076925,6,4,3,2
26,20,47,7,5.875,1,0,1,0
14,118,133,19,6.65,7,1,6,0
66,79,146,23,6.083333333333333,10,1,5,2
35,133,169,22,7.3478260869565215,9,3,4,1
36,66,103,18,5.421052631578948,5,1,4,1
18,74,93,15,5.8125,6,1,4,1
37,22,60,10,5.454545454545454,3,1,2,2
11,50,62,10,5.636363636363637,5,2,1,0
24,407,432,57,7.448275862068965,15,1,3,2
39,27,67,10,6.090909090909091,2,1,3,1
48,21,70,12,5.384615384615385,6,0,1,1
42,162,205,29,6.833333333333333,14,1,7,2
59,128,188,37,4.947368421052632,18,4,7,2
18,124,143,19,7.15,9,2,2,1
24,146,171,23,7.125,8,6,3,3
13,12,26,4,5.2,1,0,0,1
22,70,93,15,5.8125,7,0,3,0
57,24,82,13,5.857142857142857,4,1,3,1
22,48,71,11,5.916666666666667,6,0,1,0
16,181,198,35,5.5,15,1,8,5
48,59,108,19,5.4,9,0,3,3
63,379,443,64,6.815384615384615,20,5,7,1
16,145,162,27,5.785714285714286,15,1,8,1
43,59,103,18,5.421052631578948,9,2,2,1
13,203,217,30,7.0,11,4,6,4
19,78,98,19,4.9,7,0,5,1
19,12,32,4,6.4,3,0,0,1
16,172,189,29,6.3,13,1,3,0
24,22,47,9,4.7,5,1,0,0
42,113,156,21,7.090909090909091,8,1,5,2
14,113,128,18,6.7368421052631575,6,2,3,0
25,44,70,12,5.384615384615385,7,0,2,1
33,35,69,10,6.2727272727272725,1,0,2,1
20,162,183,26,6.777777777777778,4,0,5,2
26,63,90,15,5.625,9,1,0,0
19,12,32,5,5.333333333333333,2,0,1,0
13,44,58,10,5.2727272727272725,2,0,0,0
21,346,368,54,6.6909090909090905,28,0,13,2
16,743,760,94,8.0,24,4,4,0
27,87,115,17,6.388888888888889,8,2,1,2
15,11,27,4,5.4,1,0,2,0
45,27,73,12,5.615384615384615,6,0,4,0
26,120,147,25,5.653846153846154,11,0,5,2
23,127,151,25,5.8076923076923075,9,2,6,2
36,58,95,16,5.588235294117647,5,2,3,2
60,77,138,25,5.3076923076923075,9,2,8,1
31,141,173,25,6.653846153846154,9,1,4,2
30,79,110,14,7.333333333333333,4,3,0,1
14,61,76,12,5.846153846153846,1,2,4,2
14,44,59,9,5.9,5,0,2,0
38,61,100,13,7.142857142857143,6,0,3,1
29,29,59,10,5.363636363636363,3,1,1,1
48,19,68,10,6.181818181818182,7,0,1,1
15,81,97,17,5.388888888888889,5,0,5,1
22,23,46,6,6.571428571428571,0,1,1,1
54,18,73,10,6.636363636363637,4,2,4,0
26,11,38,7,4.75,2,0,2,1
39,202,242,36,6.54054054054054,18,3,7,3
64,286,351,50,6.882352941176471,13,3,7,0
53,104,158,19,7.9,5,1,2,1
32,19,52,8,5.777777777777778,4,0,1,1
28,29,58,11,4.833333333333333,4,1,2,0
28,379,408,53,7.555555555555555,20,8,10,2
15,84,100,15,6.25,8,2,2,1
79,29,109,16,6.411764705882353,5,0,6,2
50,26,77,13,5.5,5,1,3,1
57,38,96,13,6.857142857142857,5,0,5,1
18,118,137,22,5.956521739130435,7,1,9,1
46,173,220,32,6.666666666666667,13,2,4,3
13,17,31,6,4.428571428571429,2,0,0,1
37,116,154,25,5.923076923076923,14,2,6,0
36,95,132,18,6.947368421052632,5,1,1,2
48,78,127,22,5.521739130434782,7,2,4,0
21,235,257,40,6.2682926829268295,17,4,11,2
60,12,73,10,6.636363636363637,4,0,3,1
21,157,179,27,6.392857142857143,14,5,1,3
26,203,230,33,6.764705882352941,13,5,2,0
25,43,69,10,6.2727272727272725,2,2,3,0
19,101,121,20,5.761904761904762,8,0,5,1
25,12,38,6,5.428571428571429,3,0,1,0
35,66,102,18,5.368421052631579,6,1,4,0
21,54,76,13,5.428571428571429,6,1,3,0
28,59,88,11,7.333333333333333,5,0,4,0
21,33,55,10,5.0,4,1,1,1
31,114,146,24,5.84,15,0,4,1
61,26,88,12,6.769230769230769,3,2,3,1
44,25,70,13,5.0,6,1,4,0
46,28,75,12,5.769230769230769,4,0,1,1
13,431,445,59,7.416666666666667,23,10,6,3
24,467,492,70,6.929577464788732,24,5,17,1
14,151,166,32,5.03030303030303,19,0,2,1
32,140,173,30,5.580645161290323,14,2,8,2
16,20,37,5,6.166666666666667,3,0,0,0
38,344,383,45,8.326086956521738,11,3,7,1
36,106,143,19,7.15,9,1,2,1
16,84,101,15,6.3125,8,1,1,1
43,347,391,47,8.145833333333334,12,4,7,1
24,28,53,8,5.888888888888889,5,0,1,0
38,228,267,37,7.026315789473684,10,3,8,3
23,58,82,17,4.555555555555555,9,1,1,0
15,57,73,11,6.083333333333333,3,1,2,1
21,298,320,41,7.619047619047619,16,3,8,1
13,373,387,52,7.30188679245283,20,6,9,2
59,69,129,18,6.7894736842105265,10,3,3,0
48,250,299,36,8.08108108108108,11,2,4,2
46,64,111,17,6.166666666666667,11,3,1,0
14,12,27,4,5.4,2,0,0,0
19,24,44,7,5.5,1,1,0,0
40,139,180,29,6.0,13,4,4,1
14,81,96,12,7.384615384615385,2,1,2,2
54,30,85,11,7.083333333333333,5,2,2,2
12,53,66,10,6.0,3,0,2,1
15,403,419,61,6.758064516129032,20,2,10,0
24,38,63,9,6.3,3,0,2,1
28,80,109,18,5.7368421052631575,9,2,3,2
33,102,136,24,5.44,8,2,2,1
31,98,130,20,6.190476190476191,10,2,3,2
13,40,54,8,6.0,2,0,1,1
15,442,458,60,7.508196721311475,12,2,9,0
47,351,399,51,7.673076923076923,20,6,10,2
22,12,35,7,4.375,2,0,2,1
49,304,354,50,6.9411764705882355,14,5,11,2
15,19,35,6,5.0,2,0,2,0
38,48,87,14,5.8,2,1,1,1
20,54,75,11,6.25,4,2,1,0
47,83,131,20,6.238095238095238,7,4,4,0
30,69,100,17,5.555555555555555,8,0,1,1
44,49,94,15,5.875,5,1,5,0
20,59,80,11,6.666666666666667,5,1,3,1
46,51,98,10,8.909090909090908,4,0,3,1
66,145,212,28,7.310344827586207,13,3,7,1
60,122,183,29,6.1,10,3,7,1
57,74,132,24,5.28,8,3,4,2
65,60,126,20,6.0,6,0,7,1
14,242,257,36,6.945945945945946,14,4,8,2
28,28,57,9,5.7,5,1,1,0
15,139,155,25,5.961538461538462,14,2,2,1
19,168,188,27,6.714285714285714,13,2,3,0
13,13,27,5,4.5,2,0,0,1
20,19,40,9,4.0,4,0,2,0
27,12,40,7,5.0,4,0,0,1
60,21,82,12,6.3076923076923075,4,2,2,0
64,119,184,26,6.814814814814815,12,2,6,0
19,146,166,24,6.64,9,1,6,0
23,176,200,31,6.25,20,0,9,1
31,103,135,18,7.105263157894737,8,1,3,0
44,90,135,18,7.105263157894737,9,0,4,1
24,64,89,14,5.933333333333334,4,4,2,1
50,78,129,19,6.45,7,1,4,2
17,43,61,10,5.545454545454546,6,1,2,0
36,66,103,16,6.0588235294117645,7,0,5,2
51,149,201,32,6.090909090909091,11,3,8,3
18,75,94,15,5.875,6,1,3,0
30,115,146,23,6.083333333333333,14,1,3,1
62,342,405,48,8.26530612244898,13,3,9,1
34,288,323,40,7.878048780487805,16,6,5,1
21,34,56,8,6.222222222222222,3,1,2,1
32,84,117,18,6.157894736842105,4,0,5,1
40,69,110,16,6.470588235294118,4,2,2,2
23,43,67,13,4.785714285714286,6,0,3,1
49,618,668,93,7.1063829787234045,35,4,13,3
55,36,92,15,5.75,7,0,3,0
22,541,564,79,7.05,28,9,8,4
39,564,604,97,6.163265306122449,20,4,7,2
40,53,94,13,6.714285714285714,7,0,2,1
25,33,59,12,4.538461538461538,3,0,2,1
23,27,51,11,4.25,5,2,2,0
29,12,42,6,6.0,1,0,3,0
20,157,178,30,5.741935483870968,15,1,10,1
19,61,81,15,5.0625,5,1,3,1
63,33,97,15,6.0625,4,0,4,3
24,179,204,27,7.285714285714286,7,4,3,1
49,145,195,25,7.5,9,0,4,1
52,332,385,59,6.416666666666667,23,6,12,4
16,62,79,13,5.642857142857143,6,0,3,1
32,163,196,28,6.758620689655173,14,1,4,1
29,12,42,7,5.25,2,0,2,1
28,22,51,8,5.666666666666667,3,1,1,1
22,58,81,13,5.785714285714286,7,4,0,0
34,66,101,15,6.3125,12,1,2,0
51,85,137,20,6.523809523809524,10,1,6,0
37,85,123,17,6.833333333333333,7,0,5,1
52,99,152,25,5.846153846153846,17,1,4,0
43,10,54,9,5.4,3,0,2,1
23,93,117,21,5.318181818181818,11,0,5,1
51,345,397,48,8.10204081632653,14,0,5,1
53,118,172,29,5.733333333333333,13,2,7,0
71,171,243,32,7.363636363636363,10,3,6,4
30,39,70,11,5.833333333333333,3,0,4,1
35,101,137,22,5.956521739130435,10,0,7,1
57,179,237,34,6.771428571428571,12,3,8,0
22,306,329,51,6.326923076923077,15,4,10,5
16,29,46,6,6.571428571428571,3,0,1,2
43,20,64,10,5.818181818181818,5,0,4,0
26,86,113,19,5.65,13,1,3,0
25,46,72,14,4.8,3,0,4,1
17,189,207,29,6.9,6,0,7,2
16,571,588,80,7.2592592592592595,31,12,13,1
42,79,122,18,6.421052631578948,4,2,5,2
26,36,63,13,4.5,4,1,2,1
16,288,305,42,7.093023255813954,20,4,4,1
14,12,27,4,5.4,1,0,1,0
57,56,114,19,5.7,7,0,3,3
13,341,355,47,7.395833333333333,19,6,8,1
22,92,115,16,6.764705882352941,3,1,4,1
66,140,207,34,5.914285714285715,12,3,8,2
25,111,137,21,6.2272727272727275,13,2,3,1
50,43,94,15,5.875,5,1,4,1
30,85,116,15,7.25,5,0,4,2
15,12,28,5,4.666666666666667,2,0,0,1
14,96,111,16,6.529411764705882,6,1,3,0
28,278,307,35,8.527777777777779,9,1,2,1
20,121,142,22,6.173913043478261,6,5,4,2
21,176,198,29,6.6,9,3,6,3
29,100,130,19,6.5,2,1,3,3
41,79,121,19,6.05,11,2,1,1
31,49,81,12,6.230769230769231,6,1,2,0
29,130,160,26,5.925925925925926,9,4,5,1
28,78,107,17,5.944444444444445,8,0,1,1
67,12,80,10,7.2727272727272725,6,0,4,0
49,58,108,14,7.2,7,0,3,1
62,12,75,12,5.769230769230769,9,1,0,1
49,68,118,18,6.2105263157894735,5,2,4,1
46,37,84,14,5.6,6,1,1,2
29,208,238,28,8.206896551724139,4,2,2,2
51,343,395,47,8.229166666666666,12,4,7,1
28,114,143,26,5.296296296296297,16,0,4,1
42,452,495,64,7.615384615384615,28,9,3,1
37,260,298,44,6.622222222222222,11,7,9,2
31,49,81,13,5.785714285714286,7,1,1,2
25,60,86,12,6.615384615384615,3,1,4,0
29,279,309,52,5.830188679245283,29,3,8,3
19,168,188,26,6.962962962962963,5,5,7,2
21,58,80,14,5.333333333333333,3,0,5,1
18,24,43,7,5.375,2,0,1,1
14,70,85,15,5.3125,3,3,3,1
38,209,248,32,7.515151515151516,13,1,5,0
38,18,57,9,5.7,6,1,1,0
40,296,337,46,7.170212765957447,16,6,8,1
29,47,77,13,5.5,2,1,3,2
40,82,123,17,6.833333333333333,10,3,2,0
27,104,132,18,6.947368421052632,6,0,1,2
67,15,83,12,6.384615384615385,3,0,5,1
47,351,399,47,8.3125,11,3,8,2
39,37,77,12,5.923076923076923,4,1,3,1
25,70,96,15,6.0,7,2,1,1
46,278,325,49,6.5,18,6,10,2
57,477,535,67,7.867647058823529,23,2,8,2
19,497,517,74,6.8933333333333335,29,7,14,4
15,128,144,24,5.76,10,3,4,4
15,56,72,14,4.8,5,1,4,0
19,105,125,21,5.681818181818182,7,1,5,1
59,94,154,21,7.0,12,0,5,1
76,238,315,48,6.428571428571429,25,8,9,2
36,124,161,26,5.962962962962963,8,1,5,1
16,33,50,8,5.555555555555555,3,1,1,1
23,123,147,20,7.0,6,4,4,1
36,97,134,20,6.380952380952381,8,2,4,1
30,126,157,25,6.038461538461538,9,1,3,0
36,15,52,7,6.5,3,0,2,0
47,12,60,9,6.0,4,0,2,0
22,33,56,7,7.0,3,0,1,1
14,12,27,4,5.4,1,0,0,1
31,22,54,7,6.75,3,0,3,1
15,208,224,28,7.724137931034483,6,4,3,3
38,189,228,32,6.909090909090909,13,4,7,2
41,42,84,10,7.636363636363637,3,0,4,0
37,12,50,7,6.25,3,0,2,1
63,12,76,7,9.5,3,0,1,1
44,109,154,23,6.416666666666667,7,4,4,1
39,99,139,22,6.043478260869565,13,1,5,0
30,31,62,13,4.428571428571429,7,2,1,0
22,137,160,19,8.0,6,1,1,1
27,253,281,33,8.264705882352942,17,4,4,1
34,149,184,27,6.571428571428571,13,2,4,2
26,94,121,19,6.05,8,2,2,1
13,63,77,13,5.5,1,0,0,1
26,15,42,6,6.0,1,0,1,1
36,347,384,46,8.170212765957446,12,6,6,0
11,71,83,15,5.1875,9,1,1,0
21,150,172,33,5.0588235294117645,13,0,5,0
38,512,551,78,6.974683544303797,33,6,5,3
22,34,57,10,5.181818181818182,4,0,0,1
19,70,90,14,6.0,9,0,3,1
22,371,394,48,8.040816326530612,16,7,2,0
35,73,109,17,6.055555555555555,7,0,4,1
19,112,132,23,5.5,8,1,7,2
53,113,167,21,7.590909090909091,6,1,3,2
48,43,92,14,6.133333333333334,4,0,4,1
48,65,114,19,5.7,11,1,3,1
14,12,27,4,5.4,2,0,0,1
49,350,400,53,7.407407407407407,24,12,8,3
29,42,72,11,6.0,4,0,2,1
29,146,176,34,5.0285714285714285,13,5,5,4
63,502,566,78,7.1645569620253164,29,7,10,2
14,32,47,7,5.875,2,0,1,0
35,361,397,52,7.490566037735849,26,3,9,2
13,12,26,4,5.2,1,0,0,1
38,43,82,15,5.125,6,3,3,1
56,66,123,18,6.473684210526316,9,1,6,1
49,23,73,14,4.866666666666666,7,0,4,0
13,123,137,19,6.85,10,1,4,0
46,88,135,25,5.1923076923076925,11,0,3,3
48,216,265,36,7.162162162162162,11,2,3,2
34,16,51,7,6.375,4,0,1,1
20,30,51,8,5.666666666666667,4,0,0,1
8,20,29,4,5.8,2,0,0,0
28,111,140,27,5.0,9,4,6,2
15,64,80,11,6.666666666666667,4,0,4,0
32,115,148,26,5.481481481481482,9,4,7,1
39,57,97,16,5.705882352941177,4,0,3,1
27,63,91,14,6.066666666666666,5,1,2,1
75,18,94,13,6.714285714285714,4,2,3,1
26,78,105,17,5.833333333333333,10,1,3,1
22,21,44,10,4.0,5,0,1,1
44,10,55,8,6.111111111111111,5,0,3,0
19,77,97,16,5.705882352941177,9,1,1,1
22,118,141,22,6.130434782608695,11,2,4,0
58,94,153,26,5.666666666666667,9,0,6,0
48,58,107,17,5.944444444444445,9,3,3,0
32,23,56,8,6.222222222222222,5,0,1,0
25,51,77,12,5.923076923076923,6,1,3,0
48,12,61,8,6.777777777777778,5,0,1,1
19,35,55,7,6.875,4,1,0,0
9,376,386,52,7.283018867924528,23,5,10,1
17,16,34,5,5.666666666666667,1,0,1,1
51,30,82,13,5.857142857142857,7,0,1,1
21,54,76,12,5.846153846153846,5,0,2,1
14,39,54,11,4.5,5,0,1,0
28,66,95,17,5.277777777777778,6,0,4,2
16,353,370,46,7.872340425531915,17,6,9,1
19,156,176,24,7.04,12,0,2,1
26,84,111,18,5.842105263157895,6,0,6,2
18,262,281,38,7.205128205128205,11,3,9,3
63,67,131,23,5.458333333333333,8,2,3,1
19,72,92,15,5.75,6,2,3,1
49,12,62,9,6.2,6,1,2,0
19,208,228,34,6.514285714285714,7,6,8,5
27,20,48,7,6.0,2,0,2,0
9,137,147,22,6.391304347826087,9,2,3,1
33,181,215,32,6.515151515151516,14,2,8,1
67,26,94,14,6.266666666666667,6,1,4,0
30,40,71,12,5.461538461538462,3,2,2,1
57,165,223,34,6.371428571428571,14,3,8,1
63,287,351,49,7.02,6,0,2,1
50,54,105,16,6.176470588235294,9,1,3,0
13,98,112,15,7.0,5,1,2,1
57,245,303,40,7.390243902439025,12,1,4,2
25,17,43,8,4.777777777777778,2,1,1,0
50,12,63,8,7.0,5,0,1,0
22,130,153,21,6.954545454545454,8,1,4,1
29,192,222,31,6.9375,21,2,5,0
22,51,74,13,5.285714285714286,6,0,3,1
22,139,162,23,6.75,9,2,1,3
19,100,120,24,4.8,12,5,0,0
19,29,49,10,4.454545454545454,3,1,2,2
24,209,234,36,6.324324324324325,14,2,6,5
27,15,43,8,4.777777777777778,2,0,1,1
27,12,40,6,5.714285714285714,1,0,2,1
14,88,103,15,6.4375,3,0,4,4
32,379,412,53,7.62962962962963,16,3,5,1
16,15,32,5,5.333333333333333,2,0,0,2
16,61,78,12,6.0,4,0,3,1
16,33,50,7,6.25,3,1,2,1
43,180,224,32,6.787878787878788,8,5,4,2
26,59,86,17,4.777777777777778,6,2,2,1
26,82,109,19,5.45,13,0,2,0
32,382,415,52,7.830188679245283,20,6,8,2
23,77,101,13,7.214285714285714,3,2,2,2
22,65,88,13,6.285714285714286,5,2,0,0
49,55,105,15,6.5625,6,2,3,1
19,247,267,41,6.357142857142857,22,7,6,2
23,47,71,9,7.1,2,0,3,1
13,140,154,23,6.416666666666667,11,4,0,2
24,59,84,11,7.0,2,1,3,1
25,12,38,6,5.428571428571429,2,0,1,1
24,26,51,12,3.923076923076923,6,1,1,0
15,46,62,12,4.769230769230769,4,3,3,1
13,48,62,11,5.166666666666667,4,0,0,1
15,18,34,5,5.666666666666667,3,1,0,0
12,86,99,13,7.071428571428571,3,1,3,1
15,34,50,10,4.545454545454546,4,1,1,1
47,239,287,33,8.441176470588236,11,0,4,0
18,178,197,38,5.051282051282051,20,3,7,1
34,57,92,14,6.133333333333334,8,0,3,1
13,62,76,12,5.846153846153846,2,1,2,1
20,83,104,18,5.473684210526316,8,2,6,1
72,23,96,14,6.4,3,1,4,1
57,198,256,31,8.0,14,1,5,1
24,82,107,18,5.631578947368421,6,1,6,2
21,124,146,23,6.083333333333333,5,1,2,1
20,111,132,20,6.285714285714286,7,4,4,1
31,30,62,9,6.2,3,1,2,0
39,44,84,12,6.461538461538462,2,0,3,2
35,181,217,35,6.027777777777778,18,1,7,2
18,17,36,6,5.142857142857143,1,0,2,1
66,74,141,22,6.130434782608695,10,2,7,0
61,83,145,24,5.8,10,4,3,2
53,83,137,21,6.2272727272727275,8,1,5,3
60,168,229,31,7.15625,14,2,6,0
45,115,161,21,7.318181818181818,4,1,6,1
23,24,48,9,4.8,4,0,1,1
15,23,39,8,4.333333333333333,2,1,0,1
13,82,96,14,6.4,6,0,4,1
46,361,408,58,6.915254237288136,22,7,11,3
9,70,80,15,5.0,11,1,1,0
19,37,57,9,5.7,4,0,2,0
29,10,40,6,5.714285714285714,3,1,1,0
39,44,84,12,6.461538461538462,6,0,2,1
40,29,70,11,5.833333333333333,7,0,2,0
37,71,109,17,6.055555555555555,5,3,4,1
20,402,423,54,7.6909090909090905,11,4,10,1
47,427,475,64,7.3076923076923075,23,4,13,3
36,21,58,11,4.833333333333333,4,1,2,0
44,500,545,76,7.077922077922078,28,6,9,1
36,27,64,12,4.923076923076923,8,0,1,0
16,532,549,85,6.383720930232558,22,5,15,2
46,346,393,47,8.1875,12,5,6,1
21,371,393,51,7.5576923076923075,24,11,8,3
37,133,171,26,6.333333333333333,10,0,7,0
14,605,620,88,6.966292134831461,37,4,10,2
34,74,109,16,6.411764705882353,8,3,1,1
24,32,57,9,5.7,2,2,1,0
29,341,371,49,7.42,18,6,8,2
31,219,251,37,6.605263157894737,19,2,6,2
46,32,79,13,5.642857142857143,6,0,5,0
56,129,186,28,6.413793103448276,10,4,4,2
65,55,121,17,6.722222222222222,3,4,3,3
50,12,63,8,7.0,7,0,1,0
14,59,74,14,4.933333333333334,7,1,2,0
43,66,110,18,5.7894736842105265,9,1,3,1
21,409,431,56,7.56140350877193,28,4,10,1
34,346,381,46,8.106382978723405,11,4,6,1
24,12,37,6,5.285714285714286,4,0,1,0
15,37,53,7,6.625,1,3,1,1
27,143,171,26,6.333333333333333,12,1,7,1
30,70,101,16,5.9411764705882355,6,1,5,2
34,277,312,34,8.914285714285715,6,2,4,0
19,106,126,17,7.0,6,1,4,1
56,12,69,8,7.666666666666667,6,1,1,0
46,119,166,26,6.148148148148148,11,3,7,1
17,18,36,6,5.142857142857143,3,0,2,0
37,11,49,8,5.444444444444445,3,1,1,1
54,653,708,97,7.224489795918367,38,4,11,3
13,65,79,13,5.642857142857143,8,0,1,1
42,51,94,18,4.947368421052632,5,1,2,1
56,509,566,90,6.21978021978022,28,8,12,1
40,51,92,17,5.111111111111111,6,2,6,1
41,347,389,48,7.938775510204081,14,5,8,0
49,311,361,52,6.811320754716981,16,5,11,2
40,12,53,6,7.571428571428571,3,0,1,0
20,343,364,46,7.74468085106383,17,4,7,1
60,22,83,12,6.384615384615385,4,0,4,0
51,12,64,10,5.818181818181818,1,0,3,3
24,204,229,30,7.387096774193548,11,3,6,1
45,12,58,9,5.8,5,0,3,0
56,337,394,46,8.382978723404255,11,4,7,1
51,47,99,17,5.5,6,1,2,0
29,262,292,33,8.588235294117647,6,2,3,1
38,184,223,31,6.96875,14,1,4,1
27,12,40,6,5.714285714285714,2,0,1,1
13,85,99,13,7.071428571428571,2,0,3,0
39,209,249,42,5.790697674418604,9,5,8,2
14,46,61,8,6.777777777777778,3,1,1,1
24,11,36,8,4.0,1,0,1,1
31,12,44,6,6.285714285714286,3,0,1,1
79,90,170,24,6.8,7,4,8,2
47,323,371,54,6.745454545454545,14,6,12,3
12,321,334,44,7.4222222222222225,17,5,4,2
13,494,508,69,7.257142857142857,25,8,10,7
40,51,92,16,5.411764705882353,8,1,3,1
29,34,64,11,5.333333333333333,5,1,3,0
26,238,265,35,7.361111111111111,20,2,7,3
25,152,178,29,5.933333333333334,11,1,6,0
43,342,386,46,8.212765957446809,12,4,6,1
12,46,59,9,5.9,4,1,3,0
15,156,172,27,6.142857142857143,11,6,3,2
27,1508,1536,224,6.826666666666667,86,14,26,4
24,22,47,8,5.222222222222222,4,0,1,1
46,178,225,36,6.081081081081081,12,1,8,2
25,32,58,10,5.2727272727272725,3,1,2,1
46,163,210,29,7.0,13,5,2,0
42,51,94,20,4.476190476190476,9,2,4,0
63,69,133,21,6.045454545454546,11,1,6,0
39,164,204,32,6.181818181818182,8,2,7,5
31,45,77,13,5.5,7,0,2,1
22,39,62,9,6.2,1,0,2,1
33,66,100,16,5.882352941176471,6,0,5,1
30,18,49,8,5.444444444444445,4,0,1,1
30,96,127,21,5.7727272727272725,11,2,3,1
34,170,205,33,6.029411764705882,11,2,6,1
59,251,311,45,6.760869565217392,16,4,7,2
19,128,148,22,6.434782608695652,7,0,5,1
38,89,128,15,8.0,3,1,3,2
31,66,98,18,5.157894736842105,6,3,3,0
39,59,99,16,5.823529411764706,9,1,3,0
14,159,174,28,6.0,9,2,3,1
29,248,278,40,6.780487804878049,14,1,11,0
47,12,60,8,6.666666666666667,5,0,1,0
43,26,70,10,6.363636363636363,3,2,2,2
19,163,183,26,6.777777777777778,11,4,4,1
30,12,43,7,5.375,4,0,1,0
32,114,147,21,6.681818181818182,9,4,4,1
77,41,119,17,6.611111111111111,5,3,3,1
41,115,157,23,6.541666666666667,11,0,6,2
30,37,68,11,5.666666666666667,6,1,1,0
48,82,131,18,6.894736842105263,11,2,2,0
15,373,389,57,6.706896551724138,10,7,9,4
47,169,217,31,6.78125,15,2,6,2
43,179,223,32,6.757575757575758,13,6,5,2
48,136,185,27,6.607142857142857,11,3,8,0
32,129,162,21,7.363636363636363,7,2,5,1
13,33,47,7,5.875,2,0,1,1
34,92,127,16,7.470588235294118,7,3,5,1
54,15,70,10,6.363636363636363,3,0,2,1
61,17,79,15,4.9375,11,0,2,0
30,133,164,19,8.2,1,1,2,1
49,100,150,23,6.25,10,2,6,1
46,32,79,9,7.9,4,0,2,0
42,84,127,18,6.684210526315789,7,0,3,2
17,12,30,4,6.0,2,0,0,1
18,137,156,27,5.571428571428571,11,1,5,2
14,32,47,10,4.2727272727272725,5,0,1,1
51,203,255,37,6.7105263157894735,13,7,7,3
63,287,351,52,6.622641509433962,7,0,6,0
32,119,152,22,6.608695652173913,11,1,3,0
16,76,93,14,6.2,4,3,3,1
14,29,44,8,4.888888888888889,3,0,2,0
62,162,225,30,7.258064516129032,9,6,7,1
15,376,392,55,7.0,24,7,8,1
59,347,407,48,8.306122448979592,13,4,9,1
14,54,69,12,5.3076923076923075,4,1,4,0
40,15,56,8,6.222222222222222,1,1,2,0
35,22,58,7,7.25,4,0,2,0
16,48,65,9,6.5,3,0,2,1
19,12,32,6,4.571428571428571,2,0,0,1
24,30,55,7,6.875,2,0,1,1
26,26,53,7,6.625,3,0,4,0
34,77,112,18,5.894736842105263,9,1,2,2
23,170,194,27,6.928571428571429,9,1,7,2
28,119,148,24,5.92,12,3,4,0
38,49,88,13,6.285714285714286,6,0,1,0
59,48,108,16,6.352941176470588,8,0,6,1
18,78,97,13,6.928571428571429,3,0,1,1
43,357,401,54,7.290909090909091,16,11,7,1
19,95,115,15,7.1875,5,0,3,1
51,203,255,37,6.7105263157894735,9,4,4,6
14,176,191,25,7.346153846153846,7,1,3,0
70,224,295,47,6.145833333333333,20,4,9,1
51,79,131,20,6.238095238095238,12,1,5,0
21,42,64,8,7.111111111111111,4,0,2,0
44,343,388,46,8.25531914893617,12,3,8,1
15,18,34,7,4.25,3,0,2,0
34,68,103,12,7.923076923076923,7,1,2,0
27,20,48,8,5.333333333333333,2,1,1,1
15,45,61,10,5.545454545454546,7,1,0,0
42,332,375,46,7.9787234042553195,16,5,9,3
36,12,49,8,5.444444444444445,5,1,1,0
24,59,84,11,7.0,6,1,2,0
14,72,87,17,4.833333333333333,7,3,1,1
61,69,131,19,6.55,7,2,4,0
21,25,47,7,5.875,2,0,1,1
35,71,107,19,5.35,11,2,2,0
63,28,92,14,6.133333333333334,4,0,5,2
21,15,37,5,6.166666666666667,1,0,3,1
17,57,75,12,5.769230769230769,4,1,3,1
42,152,195,25,7.5,9,2,3,1
18,65,84,13,6.0,1,2,3,1
66,102,169,25,6.5,16,1,5,2
40,37,78,13,5.571428571428571,5,1,5,0
20,350,371,52,7.0,25,8,10,3
38,450,489,56,8.578947368421053,19,5,2,2
15,18,34,7,4.25,2,1,1,1
38,116,155,27,5.535714285714286,10,3,3,1
13,126,140,19,7.0,9,1,3,1
46,142,189,29,6.3,9,2,6,0
14,156,171,26,6.333333333333333,12,5,3,1
47,19,67,12,5.153846153846154,5,1,2,1
37,114,152,26,5.62962962962963,11,7,3,3
18,67,86,10,7.818181818181818,5,0,2,0
34,216,251,41,5.976190476190476,22,3,9,2
65,11,77,15,4.8125,4,0,3,3
33,48,82,16,4.823529411764706,6,1,2,1
62,101,164,22,7.130434782608695,10,1,5,0
32,63,96,13,6.857142857142857,5,1,2,1
55,25,81,13,5.785714285714286,6,1,2,1
16,74,91,15,5.6875,4,0,5,0
25,309,335,47,6.979166666666667,14,5,8,1
69,15,85,13,6.071428571428571,6,0,5,1
56,12,69,9,6.9,3,0,3,1
51,244,296,43,6.7272727272727275,12,5,4,1
71,59,131,20,6.238095238095238,7,1,7,1
25,58,84,13,6.0,5,1,3,0
71,39,111,19,5.55,8,1,5,0
54,137,192,28,6.620689655172414,13,4,8,1
35,66,102,14,6.8,6,2,4,1
46,35,82,13,5.857142857142857,4,2,1,1
40,21,62,9,6.2,5,0,2,0
57,72,130,20,6.190476190476191,8,1,6,1
56,24,81,11,6.75,5,0,4,0
41,120,162,28,5.586206896551724,11,1,5,0
72,70,143,24,5.72,9,2,5,0
13,110,124,21,5.636363636363637,5,4,3,3
20,248,269,30,8.67741935483871,11,2,6,1
36,47,84,14,5.6,6,1,1,0
13,160,174,24,6.96,12,2,2,1
47,54,102,17,5.666666666666667,9,0,6,0
25,39,65,11,5.416666666666667,6,2,2,1
27,184,212,32,6.424242424242424,11,6,5,3
14,31,46,7,5.75,2,0,1,1
32,300,333,51,6.403846153846154,16,6,10,2
20,49,70,11,5.833333333333333,7,1,0,0
31,78,110,17,6.111111111111111,7,0,5,0
63,50,114,13,8.142857142857142,7,1,2,1
17,70,88,15,5.5,4,1,3,2
67,57,125,19,6.25,8,1,5,0
25,94,120,19,6.0,9,2,3,1
14,40,55,9,5.5,4,1,0,0
15,100,116,18,6.105263157894737,11,1,3,1
67,287,355,54,6.454545454545454,9,1,3,1
48,262,311,35,8.63888888888889,7,3,4,1
41,81,123,21,5.590909090909091,10,1,3,1
44,568,613,93,6.5212765957446805,36,14,10,6
21,22,44,8,4.888888888888889,4,1,1,0
21,112,134,19,6.7,5,1,4,3
17,121,139,24,5.56,11,1,4,1
45,322,368,47,7.666666666666667,14,5,9,0
48,169,218,30,7.032258064516129,12,1,1,2
26,21,48,8,5.333333333333333,5,1,1,0
33,165,199,29,6.633333333333334,16,0,7,1
34,342,377,45,8.195652173913043,11,4,6,1
35,16,52,8,5.777777777777778,2,0,1,2
16,87,104,16,6.117647058823529,6,1,6,2
32,63,96,15,6.0,7,2,3,0
38,141,180,31,5.625,9,7,9,3
15,85,101,15,6.3125,4,1,4,1
15,127,143,22,6.217391304347826,10,2,1,2
28,14,43,9,4.3,4,1,1,0
51,124,176,29,5.866666666666666,11,5,6,2
58,244,303,48,6.183673469387755,16,6,5,0
15,171,187,28,6.448275862068965,8,3,5,2
56,23,80,13,5.714285714285714,3,1,5,1
29,55,85,12,6.538461538461538,4,0,3,1
44,140,185,22,8.043478260869565,9,3,3,1
25,32,58,7,7.25,2,0,2,0
30,346,377,45,8.195652173913043,11,4,6,1
32,109,142,21,6.454545454545454,8,3,6,2
64,373,438,60,7.180327868852459,27,8,4,2
44,127,172,26,6.37037037037037,16,0,3,2
45,352,398,49,7.96,12,4,8,1
21,166,188,27,6.714285714285714,12,4,6,1
18,63,82,15,5.125,7,1,1,2
32,345,378,49,7.56,18,6,6,3
48,12,61,9,6.1,5,1,1,0
